"","siteid","collectionunitid","collunitname","datasetid","datasettype"
"1","13296",14862,NA,19831,"geochronologic"
"2","13296",14862,NA,19832,"vertebrate fauna"
"3","13312",14882,"Tyson Spring Cave Cervalces",19860,"vertebrate fauna"
"4","13312",14883,"Tyson Spring Cave Homotherium",19861,"geochronologic"
"5","13312",14883,"Tyson Spring Cave Homotherium",19862,"vertebrate fauna"
"6","13609",15236,"Yukagir Bison",20566,"geochronologic"
"7","13609",15236,"Yukagir Bison",20567,"plant macrofossil"
"8","13609",15236,"Yukagir Bison",20568,"pollen"
"9","13609",15236,"Yukagir Bison",20569,"vertebrate fauna"
"10","13755",15433,NA,21005,"geochronologic"
"11","13755",15433,NA,21006,"specimen stable isotope"
"12","13755",15433,NA,21007,"vertebrate fauna"
"13","13755",15433,NA,21005,"geochronologic"
"14","13755",15433,NA,21006,"specimen stable isotope"
"15","13755",15433,NA,21007,"vertebrate fauna"
"16","5872",7057,NA,7202,"vertebrate fauna"
"17","5872",7057,NA,10887,"macroinvertebrate"
"18","5872",7057,NA,39260,"vertebrate fauna"
"19","13755",15433,NA,21005,"geochronologic"
"20","13755",15433,NA,21006,"specimen stable isotope"
"21","13755",15433,NA,21007,"vertebrate fauna"
"22","16007",18052,NA,24692,"geochronologic"
"23","16007",18052,NA,24693,"vertebrate fauna"
"24","16007",18052,NA,24692,"geochronologic"
"25","16007",18052,NA,24693,"vertebrate fauna"
"26","24130",29077,"Burial Sample",42002,"specimen stable isotope"
"27","24130",29077,"Burial Sample",42003,"vertebrate fauna"
"28","8584",9813,NA,13090,"geochronologic"
"29","8584",9813,NA,13091,"vertebrate fauna"
"30","16007",18052,NA,24692,"geochronologic"
"31","16007",18052,NA,24693,"vertebrate fauna"
"32","16555",18819,NA,25902,"geochronologic"
"33","16555",18819,NA,25903,"plant macrofossil"
"34","16555",18819,NA,25904,"vertebrate fauna"
"35","16598",19119,NA,26225,"geochronologic"
"36","16598",19119,NA,26226,"vertebrate fauna"
"37","16598",19119,NA,26225,"geochronologic"
"38","16598",19119,NA,26226,"vertebrate fauna"
"39","16598",19119,NA,26225,"geochronologic"
"40","16598",19119,NA,26226,"vertebrate fauna"
"41","16598",19119,NA,26225,"geochronologic"
"42","16598",19119,NA,26226,"vertebrate fauna"
"43","18864",23045,NA,32389,"geochronologic"
"44","18864",23045,NA,32390,"vertebrate fauna"
"45","18864",23045,NA,39334,"vertebrate fauna"
"46","18979",23176,NA,32653,"geochronologic"
"47","18979",23176,NA,32654,"vertebrate fauna"
"48","18993",23190,NA,32681,"geochronologic"
"49","18993",23190,NA,32682,"vertebrate fauna"
"50","18994",23191,NA,32683,"geochronologic"
"51","18994",23191,NA,32684,"vertebrate fauna"
"52","18996",23193,NA,32687,"geochronologic"
"53","18996",23193,NA,32688,"vertebrate fauna"
"54","21461",25759,NA,36793,"geochronologic"
"55","21461",25759,NA,36794,"vertebrate fauna"
"56","6331",7541,NA,7686,"vertebrate fauna"
"57","6331",7541,NA,33386,"geochronologic"
"58","7528",8757,"Clarence Coomer borrow pit",11997,"geochronologic"
"59","7528",8757,"Clarence Coomer borrow pit",11998,"plant macrofossil"
"60","7528",8757,"Clarence Coomer borrow pit",11999,"vertebrate fauna"
"61","18996",23193,NA,32687,"geochronologic"
"62","18996",23193,NA,32688,"vertebrate fauna"
"63","18997",23194,NA,32689,"geochronologic"
"64","18997",23194,NA,32690,"vertebrate fauna"
"65","19000",23197,NA,32695,"geochronologic"
"66","19000",23197,NA,32696,"vertebrate fauna"
"67","19008",23205,NA,32711,"geochronologic"
"68","19008",23205,NA,32712,"vertebrate fauna"
"69","19018",23215,NA,32731,"geochronologic"
"70","19018",23215,NA,32732,"vertebrate fauna"
"71","19340",23539,NA,33380,"geochronologic"
"72","19340",23539,NA,33381,"vertebrate fauna"
"73","19551",23750,NA,33806,"geochronologic"
"74","19551",23750,NA,33807,"vertebrate fauna"
"75","21418",25703,NA,36689,"geochronologic"
"76","21418",25703,NA,36690,"vertebrate fauna"
"77","21439",25727,NA,36731,"geochronologic"
"78","21439",25727,NA,36732,"vertebrate fauna"
"79","21439",26881,NA,38909,"geochronologic"
"80","21439",26881,NA,38910,"vertebrate fauna"
"81","21439",26882,NA,38912,"geochronologic"
"82","21439",26882,NA,38913,"vertebrate fauna"
"83","21439",26883,NA,38914,"geochronologic"
"84","21439",26883,NA,38915,"vertebrate fauna"
"85","21439",26884,NA,38916,"geochronologic"
"86","21439",26884,NA,38917,"vertebrate fauna"
"87","21463",25761,NA,36797,"geochronologic"
"88","21463",25761,NA,36798,"vertebrate fauna"
"89","22546",27010,NA,39062,"geochronologic"
"90","22546",27010,NA,39063,"specimen stable isotope"
"91","22546",27010,NA,39064,"vertebrate fauna"
"92","22547",27011,NA,39065,"geochronologic"
"93","22547",27011,NA,39066,"vertebrate fauna"
"94","22548",27012,NA,39067,"geochronologic"
"95","22548",27012,NA,39068,"vertebrate fauna"
"96","22549",27013,NA,39069,"geochronologic"
"97","22549",27013,NA,39070,"vertebrate fauna"
"98","22554",27100,NA,39170,"geochronologic"
"99","22554",27100,NA,39171,"vertebrate fauna"
"100","4865",5915,"Pit 10",6060,"vertebrate fauna"
"101","4865",5915,"Pit 10",9928,"geochronologic"
"102","4865",5916,"Pit 13",6061,"vertebrate fauna"
"103","4865",5916,"Pit 13",9929,"geochronologic"
"104","4865",5917,"Pit 60",6062,"vertebrate fauna"
"105","4865",5917,"Pit 60",9930,"geochronologic"
"106","4865",5918,"Pit 61-67",6063,"vertebrate fauna"
"107","4865",5918,"Pit 61-67",9931,"geochronologic"
"108","4865",5919,"Pit 77",6064,"vertebrate fauna"
"109","4865",5919,"Pit 77",9932,"geochronologic"
"110","4865",5920,"Pit 91",6065,"vertebrate fauna"
"111","4865",5920,"Pit 91",9933,"geochronologic"
"112","4865",5921,"Pit 91 Northeast Corner",6066,"vertebrate fauna"
"113","4865",5921,"Pit 91 Northeast Corner",9934,"geochronologic"
"114","4865",11937,"Rancho La Brea",16194,"geochronologic"
"115","4865",11937,"Rancho La Brea",16195,"insect"
"116","4865",27102,"Pit A",39173,"geochronologic"
"117","4865",27102,"Pit A",39174,"insect"
"118","4865",27102,"Pit A",39175,"plant macrofossil"
"119","4865",27102,"Pit A",39176,"vertebrate fauna"
"120","4865",27109,"Pit B",39188,"geochronologic"
"121","4865",27109,"Pit B",39189,"insect"
"122","4865",27109,"Pit B",39193,"vertebrate fauna"
"123","4865",5915,"Pit 10",6060,"vertebrate fauna"
"124","4865",5915,"Pit 10",9928,"geochronologic"
"125","4865",5916,"Pit 13",6061,"vertebrate fauna"
"126","4865",5916,"Pit 13",9929,"geochronologic"
"127","4865",5917,"Pit 60",6062,"vertebrate fauna"
"128","4865",5917,"Pit 60",9930,"geochronologic"
"129","4865",5918,"Pit 61-67",6063,"vertebrate fauna"
"130","4865",5918,"Pit 61-67",9931,"geochronologic"
"131","4865",5919,"Pit 77",6064,"vertebrate fauna"
"132","4865",5919,"Pit 77",9932,"geochronologic"
"133","4865",5920,"Pit 91",6065,"vertebrate fauna"
"134","4865",5920,"Pit 91",9933,"geochronologic"
"135","4865",5921,"Pit 91 Northeast Corner",6066,"vertebrate fauna"
"136","4865",5921,"Pit 91 Northeast Corner",9934,"geochronologic"
"137","4865",11937,"Rancho La Brea",16194,"geochronologic"
"138","4865",11937,"Rancho La Brea",16195,"insect"
"139","4865",27102,"Pit A",39173,"geochronologic"
"140","4865",27102,"Pit A",39174,"insect"
"141","4865",27102,"Pit A",39175,"plant macrofossil"
"142","4865",27102,"Pit A",39176,"vertebrate fauna"
"143","4865",27109,"Pit B",39188,"geochronologic"
"144","4865",27109,"Pit B",39189,"insect"
"145","4865",27109,"Pit B",39193,"vertebrate fauna"
"146","5706",6887,NA,7032,"vertebrate fauna"
"147","5706",6887,NA,10184,"geochronologic"
"148","5706",6887,NA,39237,"vertebrate fauna"
"149","6129",7339,NA,7484,"vertebrate fauna"
"150","6129",7339,NA,10285,"geochronologic"
"151","6129",7339,NA,10928,"macroinvertebrate"
"152","6129",7339,NA,39236,"vertebrate fauna"
"153","6393",7603,"Locality",7748,"vertebrate fauna"
"154","6393",7603,"Locality",39248,"vertebrate fauna"
"155","22559",27106,NA,39182,"geochronologic"
"156","22559",27106,NA,39183,"vertebrate fauna"
"157","22561",27108,NA,39186,"geochronologic"
"158","22561",27108,NA,39187,"vertebrate fauna"
"159","22564",27112,NA,39194,"geochronologic"
"160","22564",27112,NA,39195,"vertebrate fauna"
"161","22567",27116,NA,39199,"geochronologic"
"162","22567",27116,NA,39200,"vertebrate fauna"
"163","22569",27118,NA,39202,"geochronologic"
"164","22569",27118,NA,39203,"vertebrate fauna"
"165","22574",27123,NA,39210,"geochronologic"
"166","22574",27123,NA,39211,"vertebrate fauna"
"167","22575",27124,NA,39212,"geochronologic"
"168","22575",27124,NA,39213,"vertebrate fauna"
"169","22582",27132,NA,39222,"geochronologic"
"170","22582",27132,NA,39223,"vertebrate fauna"
"171","22583",27133,NA,39224,"geochronologic"
"172","22583",27133,NA,39225,"vertebrate fauna"
"173","22584",27134,NA,39226,"geochronologic"
"174","22584",27134,NA,39227,"vertebrate fauna"
"175","22585",27135,NA,39228,"geochronologic"
"176","22585",27135,NA,39229,"vertebrate fauna"
"177","22586",27136,NA,39230,"geochronologic"
"178","22586",27136,NA,39231,"vertebrate fauna"
"179","22587",27137,NA,39232,"geochronologic"
"180","22587",27137,NA,39233,"vertebrate fauna"
"181","22588",27138,NA,39234,"geochronologic"
"182","22588",27138,NA,39235,"vertebrate fauna"
"183","22589",27139,NA,39238,"geochronologic"
"184","22589",27139,NA,39239,"vertebrate fauna"
"185","22590",27140,NA,39240,"geochronologic"
"186","22590",27140,NA,39241,"vertebrate fauna"
"187","22591",27141,"Clastic Pond Deposits (Strata 3e)",39242,"geochronologic"
"188","22591",27141,"Clastic Pond Deposits (Strata 3e)",39243,"vertebrate fauna"
"189","22592",27142,NA,39244,"geochronologic"
"190","22592",27142,NA,39245,"vertebrate fauna"
"191","22593",27143,NA,39246,"geochronologic"
"192","22593",27143,NA,39247,"vertebrate fauna"
"193","22594",27144,NA,39249,"geochronologic"
"194","22594",27144,NA,39250,"vertebrate fauna"
"195","23587",28304,"Locality",40804,"specimen stable isotope"
"196","23587",28304,"Locality",40805,"vertebrate fauna"
"197","5663",6840,"Locality",6985,"vertebrate fauna"
"198","5663",6840,"Locality",10171,"geochronologic"
"199","5663",27207,"Bootherium USNM 23264 pollen",39335,"pollen"
"200","5663",27208,"SV-5",39336,"vertebrate fauna"
"201","5663",27209,"SV-7",39337,"geochronologic"
"202","5663",27209,"SV-7",39338,"vertebrate fauna"
"203","5663",27210,"SV-10",39339,"geochronologic"
"204","5663",27210,"SV-10",39340,"vertebrate fauna"
"205","5663",28737,"Sample",41609,"specimen stable isotope"
"206","5663",28737,"Sample",41610,"vertebrate fauna"
"207","5765",6948,"Pit 8 Level 8",7093,"vertebrate fauna"
"208","5765",6948,"Pit 8 Level 8",10209,"geochronologic"
"209","5765",6948,"Pit 8 Level 8",39255,"vertebrate fauna"
"210","5872",7057,NA,7202,"vertebrate fauna"
"211","5872",7057,NA,10887,"macroinvertebrate"
"212","5872",7057,NA,39260,"vertebrate fauna"
"213","10046",11348,"Locality",15055,"geochronologic"
"214","10046",11348,"Locality",15056,"vertebrate fauna"
"215","10046",11348,"Locality",39267,"vertebrate fauna"
"216","18864",23045,NA,32389,"geochronologic"
"217","18864",23045,NA,32390,"vertebrate fauna"
"218","18864",23045,NA,39334,"vertebrate fauna"
"219","22595",27145,NA,39251,"geochronologic"
"220","22595",27145,NA,39252,"vertebrate fauna"
"221","22596",27146,NA,39253,"geochronologic"
"222","22596",27146,NA,39254,"vertebrate fauna"
"223","22597",27147,NA,39256,"geochronologic"
"224","22597",27147,NA,39257,"vertebrate fauna"
"225","22598",27148,NA,39258,"geochronologic"
"226","22598",27148,NA,39259,"vertebrate fauna"
"227","22599",27149,NA,39261,"geochronologic"
"228","22599",27149,NA,39262,"vertebrate fauna"
"229","22600",27150,NA,39263,"geochronologic"
"230","22600",27150,NA,39264,"vertebrate fauna"
"231","22601",27151,NA,39266,"vertebrate fauna"
"232","22601",27151,NA,39265,"geochronologic"
"233","22602",27152,NA,39269,"geochronologic"
"234","22602",27152,NA,39270,"vertebrate fauna"
"235","22603",27153,NA,39271,"geochronologic"
"236","22603",27153,NA,39272,"vertebrate fauna"
"237","22604",27154,NA,39273,"geochronologic"
"238","22604",27154,NA,39274,"vertebrate fauna"
"239","22639",27199,NA,39320,"geochronologic"
"240","22639",27199,NA,39321,"vertebrate fauna"
"241","22640",27200,NA,39322,"geochronologic"
"242","22640",27200,NA,39323,"vertebrate fauna"
"243","22641",27201,"Ardis Local Fauna",39324,"geochronologic"
"244","22641",27201,"Ardis Local Fauna",39325,"vertebrate fauna"
"245","22646",27206,NA,39332,"geochronologic"
"246","22646",27206,NA,39333,"plant macrofossil"
"247","23587",28304,"Locality",40804,"specimen stable isotope"
"248","23587",28304,"Locality",40805,"vertebrate fauna"
"249","5474",6645,"Locality",6790,"vertebrate fauna"
"250","5474",6645,"Locality",39852,"geochronologic"
"251","5663",6840,"Locality",6985,"vertebrate fauna"
"252","5663",6840,"Locality",10171,"geochronologic"
"253","5663",27207,"Bootherium USNM 23264 pollen",39335,"pollen"
"254","5663",27208,"SV-5",39336,"vertebrate fauna"
"255","5663",27209,"SV-7",39337,"geochronologic"
"256","5663",27209,"SV-7",39338,"vertebrate fauna"
"257","5663",27210,"SV-10",39339,"geochronologic"
"258","5663",27210,"SV-10",39340,"vertebrate fauna"
"259","5663",28737,"Sample",41609,"specimen stable isotope"
"260","5663",28737,"Sample",41610,"vertebrate fauna"
"261","6182",7391,"Locality",7536,"vertebrate fauna"
"262","6182",7391,"Locality",10295,"geochronologic"
"263","19340",23539,NA,33380,"geochronologic"
"264","19340",23539,NA,33381,"vertebrate fauna"
"265","3935",4871,"Locality",5016,"vertebrate fauna"
"266","3935",4871,"Locality",9483,"geochronologic"
"267","5578",6751,"Locality",6896,"vertebrate fauna"
"268","5578",6751,"Locality",10143,"geochronologic"
"269","5803",6986,"Locality",7131,"vertebrate fauna"
"270","5803",6986,"Locality",10229,"geochronologic"
"271","5803",11811,NA,15928,"geochronologic"
"272","5803",11811,NA,15929,"pollen"
"273","6182",7391,"Locality",7536,"vertebrate fauna"
"274","6182",7391,"Locality",10295,"geochronologic"
"275","6207",7416,"Locality",7561,"vertebrate fauna"
"276","6207",7416,"Locality",40051,"geochronologic"
"277","16400",18539,NA,25519,"geochronologic"
"278","16400",18539,NA,25520,"vertebrate fauna"
"279","16906",20084,NA,27336,"geochronologic"
"280","16906",20084,NA,27337,"vertebrate fauna"
"281","23244",27833,NA,39988,"geochronologic"
"282","23244",27833,NA,39989,"vertebrate fauna"
"283","23245",27834,NA,39991,"geochronologic"
"284","23245",27834,NA,39992,"vertebrate fauna"
"285","23246",27835,NA,39993,"geochronologic"
"286","23246",27835,NA,39994,"vertebrate fauna"
"287","23247",27836,NA,39995,"geochronologic"
"288","23247",27836,NA,39996,"vertebrate fauna"
"289","23268",27862,NA,40022,"geochronologic"
"290","23268",27862,NA,40023,"vertebrate fauna"
"291","23269",27863,NA,40024,"geochronologic"
"292","23269",27863,NA,40025,"vertebrate fauna"
"293","23270",27864,NA,40052,"geochronologic"
"294","23270",27864,NA,40053,"vertebrate fauna"
"295","23587",28304,"Locality",40804,"specimen stable isotope"
"296","23587",28304,"Locality",40805,"vertebrate fauna"
"297","23757",28479,"Assemblage",41114,"specimen stable isotope"
"298","23757",28479,"Assemblage",41115,"vertebrate fauna"
"299","23761",28483,"core MAS1-Tr4-C3",41125,"geochronologic"
"300","23761",28483,"core MAS1-Tr4-C3",41126,"charcoal"
"301","23761",28483,"core MAS1-Tr4-C3",41127,"pollen"
"302","23761",28495,"Sub-basin 0",41141,"geochronologic"
"303","23761",28495,"Sub-basin 0",41142,"vertebrate fauna"
"304","23764",28496,"Unit 24N, 3E, 30-40 cm",41143,"specimen stable isotope"
"305","23764",28496,"Unit 24N, 3E, 30-40 cm",41144,"vertebrate fauna"
"306","23774",28506,"Assemblage",41166,"geochronologic"
"307","23774",28506,"Assemblage",41167,"specimen stable isotope"
"308","23774",28506,"Assemblage",41168,"vertebrate fauna"
"309","23774",28506,"Assemblage",41166,"geochronologic"
"310","23774",28506,"Assemblage",41167,"specimen stable isotope"
"311","23774",28506,"Assemblage",41168,"vertebrate fauna"
"312","23777",28510,"Assemblage",41178,"specimen stable isotope"
"313","23777",28510,"Assemblage",41179,"vertebrate fauna"
"314","23802",28541,"Assemblage",41238,"specimen stable isotope"
"315","23802",28541,"Assemblage",41239,"vertebrate fauna"
"316","23807",28546,"Locality",41248,"geochronologic"
"317","23807",28546,"Locality",41249,"vertebrate fauna"
"318","5023",6145,"Locality",6290,"vertebrate fauna"
"319","5023",6145,"Locality",10014,"geochronologic"
"320","5023",6145,"Locality",41578,"plant macrofossil"
"321","5023",28712,"Midden BA-01",41546,"geochronologic"
"322","5023",28712,"Midden BA-01",41547,"vertebrate fauna"
"323","5023",28712,"Midden BA-01",41548,"plant macrofossil"
"324","5023",28713,"Midden BA-02",41549,"geochronologic"
"325","5023",28713,"Midden BA-02",41550,"vertebrate fauna"
"326","5023",28713,"Midden BA-02",41551,"plant macrofossil"
"327","5023",28714,"Midden BA-03",41552,"geochronologic"
"328","5023",28714,"Midden BA-03",41553,"vertebrate fauna"
"329","5023",28714,"Midden BA-03",41554,"plant macrofossil"
"330","5023",28715,"Midden BA-04",41555,"geochronologic"
"331","5023",28715,"Midden BA-04",41556,"vertebrate fauna"
"332","5023",28715,"Midden BA-04",41557,"plant macrofossil"
"333","5023",28716,"Midden BA-05",41558,"geochronologic"
"334","5023",28716,"Midden BA-05",41559,"vertebrate fauna"
"335","5023",28716,"Midden BA-05",41560,"plant macrofossil"
"336","5023",28718,"Midden BA-07a",41563,"geochronologic"
"337","5023",28718,"Midden BA-07a",41564,"vertebrate fauna"
"338","5023",28718,"Midden BA-07a",41565,"plant macrofossil"
"339","5023",28719,"Midden BA-10",41566,"geochronologic"
"340","5023",28719,"Midden BA-10",41567,"vertebrate fauna"
"341","5023",28719,"Midden BA-10",41568,"plant macrofossil"
"342","5023",28720,"Midden BA-12",41569,"geochronologic"
"343","5023",28720,"Midden BA-12",41570,"vertebrate fauna"
"344","5023",28720,"Midden BA-12",41571,"plant macrofossil"
"345","5023",28721,"Midden BA-13",41572,"geochronologic"
"346","5023",28721,"Midden BA-13",41573,"vertebrate fauna"
"347","5023",28721,"Midden BA-13",41574,"plant macrofossil"
"348","5023",28722,"Midden BA-15",41575,"geochronologic"
"349","5023",28722,"Midden BA-15",41576,"vertebrate fauna"
"350","5023",28722,"Midden BA-15",41577,"plant macrofossil"
"351","23807",28546,"Locality",41248,"geochronologic"
"352","23807",28546,"Locality",41249,"vertebrate fauna"
"353","23813",28555,NA,41266,"geochronologic"
"354","23813",28555,NA,41267,"plant macrofossil"
"355","24130",29077,"Burial Sample",42002,"specimen stable isotope"
"356","24130",29077,"Burial Sample",42003,"vertebrate fauna"
"357","5023",6145,"Locality",6290,"vertebrate fauna"
"358","5023",6145,"Locality",10014,"geochronologic"
"359","5023",6145,"Locality",41578,"plant macrofossil"
"360","5023",28712,"Midden BA-01",41546,"geochronologic"
"361","5023",28712,"Midden BA-01",41547,"vertebrate fauna"
"362","5023",28712,"Midden BA-01",41548,"plant macrofossil"
"363","5023",28713,"Midden BA-02",41549,"geochronologic"
"364","5023",28713,"Midden BA-02",41550,"vertebrate fauna"
"365","5023",28713,"Midden BA-02",41551,"plant macrofossil"
"366","5023",28714,"Midden BA-03",41552,"geochronologic"
"367","5023",28714,"Midden BA-03",41553,"vertebrate fauna"
"368","5023",28714,"Midden BA-03",41554,"plant macrofossil"
"369","5023",28715,"Midden BA-04",41555,"geochronologic"
"370","5023",28715,"Midden BA-04",41556,"vertebrate fauna"
"371","5023",28715,"Midden BA-04",41557,"plant macrofossil"
"372","5023",28716,"Midden BA-05",41558,"geochronologic"
"373","5023",28716,"Midden BA-05",41559,"vertebrate fauna"
"374","5023",28716,"Midden BA-05",41560,"plant macrofossil"
"375","5023",28718,"Midden BA-07a",41563,"geochronologic"
"376","5023",28718,"Midden BA-07a",41564,"vertebrate fauna"
"377","5023",28718,"Midden BA-07a",41565,"plant macrofossil"
"378","5023",28719,"Midden BA-10",41566,"geochronologic"
"379","5023",28719,"Midden BA-10",41567,"vertebrate fauna"
"380","5023",28719,"Midden BA-10",41568,"plant macrofossil"
"381","5023",28720,"Midden BA-12",41569,"geochronologic"
"382","5023",28720,"Midden BA-12",41570,"vertebrate fauna"
"383","5023",28720,"Midden BA-12",41571,"plant macrofossil"
"384","5023",28721,"Midden BA-13",41572,"geochronologic"
"385","5023",28721,"Midden BA-13",41573,"vertebrate fauna"
"386","5023",28721,"Midden BA-13",41574,"plant macrofossil"
"387","5023",28722,"Midden BA-15",41575,"geochronologic"
"388","5023",28722,"Midden BA-15",41576,"vertebrate fauna"
"389","5023",28722,"Midden BA-15",41577,"plant macrofossil"
"390","22031",26427,NA,38073,"geochronologic"
"391","22031",26427,NA,38074,"vertebrate fauna"
"392","22031",28709,"Bucket auger sample",41538,"specimen stable isotope"
"393","22031",28709,"Bucket auger sample",41539,"macroinvertebrate"
"394","23927",28710,"Cemetery",41540,"specimen stable isotope"
"395","23927",28710,"Cemetery",41541,"vertebrate fauna"
"396","23935",28728,"Auger sample",41592,"specimen stable isotope"
"397","23935",28728,"Auger sample",41593,"macroinvertebrate"
"398","5027",6149,"Locality",6294,"vertebrate fauna"
"399","5027",6149,"Locality",10017,"geochronologic"
"400","5027",28729,"Locality",41594,"specimen stable isotope"
"401","5027",28729,"Locality",41595,"vertebrate fauna"
"402","23935",28728,"Auger sample",41592,"specimen stable isotope"
"403","23935",28728,"Auger sample",41593,"macroinvertebrate"
"404","24130",29077,"Burial Sample",42002,"specimen stable isotope"
"405","24130",29077,"Burial Sample",42003,"vertebrate fauna"
"406","5027",6149,"Locality",6294,"vertebrate fauna"
"407","5027",6149,"Locality",10017,"geochronologic"
"408","5027",28729,"Locality",41594,"specimen stable isotope"
"409","5027",28729,"Locality",41595,"vertebrate fauna"
"410","5027",6149,"Locality",6294,"vertebrate fauna"
"411","5027",6149,"Locality",10017,"geochronologic"
"412","5027",28729,"Locality",41594,"specimen stable isotope"
"413","5027",28729,"Locality",41595,"vertebrate fauna"
"414","5027",6149,"Locality",6294,"vertebrate fauna"
"415","5027",6149,"Locality",10017,"geochronologic"
"416","5027",28729,"Locality",41594,"specimen stable isotope"
"417","5027",28729,"Locality",41595,"vertebrate fauna"
"418","5663",6840,"Locality",6985,"vertebrate fauna"
"419","5663",6840,"Locality",10171,"geochronologic"
"420","5663",27207,"Bootherium USNM 23264 pollen",39335,"pollen"
"421","5663",27208,"SV-5",39336,"vertebrate fauna"
"422","5663",27209,"SV-7",39337,"geochronologic"
"423","5663",27209,"SV-7",39338,"vertebrate fauna"
"424","5663",27210,"SV-10",39339,"geochronologic"
"425","5663",27210,"SV-10",39340,"vertebrate fauna"
"426","5663",28737,"Sample",41609,"specimen stable isotope"
"427","5663",28737,"Sample",41610,"vertebrate fauna"
"428","23954",28753,"Sample",41638,"specimen stable isotope"
"429","23954",28753,"Sample",41639,"macroinvertebrate"
"430","23954",28753,"Sample",41638,"specimen stable isotope"
"431","23954",28753,"Sample",41639,"macroinvertebrate"
"432","23955",28754,"Auger sample",41640,"specimen stable isotope"
"433","23955",28754,"Auger sample",41641,"macroinvertebrate"
"434","23960",28759,NA,41649,"geochronologic"
"435","23960",28759,NA,41650,"vertebrate fauna"
"436","23960",28759,NA,41649,"geochronologic"
"437","23960",28759,NA,41650,"vertebrate fauna"
"438","24043",28854,"Auger sample",41767,"specimen stable isotope"
"439","24043",28854,"Auger sample",41768,"macroinvertebrate"
"440","24043",28854,"Auger sample",41767,"specimen stable isotope"
"441","24043",28854,"Auger sample",41768,"macroinvertebrate"
"442","24045",28856,"Auger sample",41771,"specimen stable isotope"
"443","24045",28856,"Auger sample",41772,"macroinvertebrate"
"444","24048",28919,"Auger sample",41837,"specimen stable isotope"
"445","24048",28919,"Auger sample",41838,"macroinvertebrate"
"446","24049",28920,"Auger sample",41839,"specimen stable isotope"
"447","24049",28920,"Auger sample",41840,"macroinvertebrate"
"448","24130",29077,"Burial Sample",42002,"specimen stable isotope"
"449","24130",29077,"Burial Sample",42003,"vertebrate fauna"
"450","24130",29077,"Burial Sample",42002,"specimen stable isotope"
"451","24130",29077,"Burial Sample",42003,"vertebrate fauna"
"452","24231",29686,"EeBi-2 sample",42639,"specimen stable isotope"
"453","24231",29686,"EeBi-2 sample",42640,"vertebrate fauna"
"454","3653",4554,"Locality",4699,"vertebrate fauna"
"455","3653",4554,"Locality",9341,"geochronologic"
"456","3653",29687,"Turner Farm sample",42641,"specimen stable isotope"
"457","3653",29687,"Turner Farm sample",42642,"vertebrate fauna"
"458","24231",29686,"EeBi-2 sample",42639,"specimen stable isotope"
"459","24231",29686,"EeBi-2 sample",42640,"vertebrate fauna"
"460","24239",29703,"Nevin site sample",42665,"specimen stable isotope"
"461","24239",29703,"Nevin site sample",42666,"vertebrate fauna"
"462","24592",30290,"Dog burial samples",43297,"specimen stable isotope"
"463","24592",30290,"Dog burial samples",43298,"vertebrate fauna"
"464","25894",31644,"22OK904 Sample",44724,"geochronologic"
"465","25894",31644,"22OK904 Sample",44725,"specimen stable isotope"
"466","25894",31644,"22OK904 Sample",44726,"vertebrate fauna"
"467","26171",32448,"SLP2, SLP3, SL-2",45645,"geochronologic"
"468","26171",32448,"SLP2, SLP3, SL-2",45646,"plant macrofossil"
"469","26171",32448,"SLP2, SLP3, SL-2",45647,"charcoal"
"470","26171",32448,"SLP2, SLP3, SL-2",45648,"pollen"
"471","26171",32448,"SLP2, SLP3, SL-2",48758,"specimen stable isotope"
"472","26171",32448,"SLP2, SLP3, SL-2",48759,"plant macrofossil"
"473","25894",31644,"22OK904 Sample",44724,"geochronologic"
"474","25894",31644,"22OK904 Sample",44725,"specimen stable isotope"
"475","25894",31644,"22OK904 Sample",44726,"vertebrate fauna"
"476","26913",33697,NA,47114,"geochronologic"
"477","26913",33697,NA,47115,"vertebrate fauna"
"478","27213",35065,NA,48617,"geochronologic"
"479","27213",35065,NA,48618,"macroinvertebrate"
"480","27213",35065,NA,48619,"vertebrate fauna"
"481","27213",35065,NA,48617,"geochronologic"
"482","27213",35065,NA,48618,"macroinvertebrate"
"483","27213",35065,NA,48619,"vertebrate fauna"
"484","27213",35065,NA,48617,"geochronologic"
"485","27213",35065,NA,48618,"macroinvertebrate"
"486","27213",35065,NA,48619,"vertebrate fauna"
"487","27216",35068,"Locality",48625,"geochronologic"
"488","27216",35068,"Locality",48626,"vertebrate fauna"
"489","26171",32448,"SLP2, SLP3, SL-2",45645,"geochronologic"
"490","26171",32448,"SLP2, SLP3, SL-2",45646,"plant macrofossil"
"491","26171",32448,"SLP2, SLP3, SL-2",45647,"charcoal"
"492","26171",32448,"SLP2, SLP3, SL-2",45648,"pollen"
"493","26171",32448,"SLP2, SLP3, SL-2",48758,"specimen stable isotope"
"494","26171",32448,"SLP2, SLP3, SL-2",48759,"plant macrofossil"
"495","27216",35068,"Locality",48625,"geochronologic"
"496","27216",35068,"Locality",48626,"vertebrate fauna"
"497","26171",32448,"SLP2, SLP3, SL-2",45645,"geochronologic"
"498","26171",32448,"SLP2, SLP3, SL-2",45646,"plant macrofossil"
"499","26171",32448,"SLP2, SLP3, SL-2",45647,"charcoal"
"500","26171",32448,"SLP2, SLP3, SL-2",45648,"pollen"
"501","26171",32448,"SLP2, SLP3, SL-2",48758,"specimen stable isotope"
"502","26171",32448,"SLP2, SLP3, SL-2",48759,"plant macrofossil"
"503","28225",38151,"New Island Bone Pile 7",52543,"geochronologic"
"504","28225",38151,"New Island Bone Pile 7",52544,"vertebrate fauna"
"505","28225",38152,"New Island Bone Pile 8",52545,"geochronologic"
"506","28225",38152,"New Island Bone Pile 8",52546,"vertebrate fauna"
"507","28225",38145,"New Island Bone Pile 1",52531,"geochronologic"
"508","28225",38145,"New Island Bone Pile 1",52532,"vertebrate fauna"
"509","28225",38146,"New Island Bone Pile 2",52533,"geochronologic"
"510","28225",38146,"New Island Bone Pile 2",52534,"vertebrate fauna"
"511","28225",38147,"New Island Bone Pile 3",52535,"geochronologic"
"512","28225",38147,"New Island Bone Pile 3",52536,"vertebrate fauna"
"513","28225",38148,"New Island Bone Pile 4",52537,"geochronologic"
"514","28225",38148,"New Island Bone Pile 4",52538,"vertebrate fauna"
"515","28225",38149,"New Island Bone Pile 5",52539,"geochronologic"
"516","28225",38149,"New Island Bone Pile 5",52540,"vertebrate fauna"
"517","28225",38150,"New Island Bone Pile 6",52541,"geochronologic"
"518","28225",38150,"New Island Bone Pile 6",52542,"vertebrate fauna"
"519","28225",38153,"New Island Bone Pile 9",52547,"geochronologic"
"520","28225",38153,"New Island Bone Pile 9",52548,"vertebrate fauna"
"521","28225",38154,"New Island Bone Pile 10",52550,"vertebrate fauna"
"522","28225",38154,"New Island Bone Pile 10",52549,"geochronologic"
"523","28228",38157,NA,52554,"geochronologic"
"524","28228",38157,NA,52555,"vertebrate fauna"
"525","28235",38167,"Ugurlu Höyük",52571,"specimen stable isotope"
"526","28235",38167,"Ugurlu Höyük",52572,"vertebrate fauna"
"527","26171",32448,"SLP2, SLP3, SL-2",45645,"geochronologic"
"528","26171",32448,"SLP2, SLP3, SL-2",45646,"plant macrofossil"
"529","26171",32448,"SLP2, SLP3, SL-2",45647,"charcoal"
"530","26171",32448,"SLP2, SLP3, SL-2",45648,"pollen"
"531","26171",32448,"SLP2, SLP3, SL-2",48758,"specimen stable isotope"
"532","26171",32448,"SLP2, SLP3, SL-2",48759,"plant macrofossil"
"533","28225",38151,"New Island Bone Pile 7",52543,"geochronologic"
"534","28225",38151,"New Island Bone Pile 7",52544,"vertebrate fauna"
"535","28225",38152,"New Island Bone Pile 8",52545,"geochronologic"
"536","28225",38152,"New Island Bone Pile 8",52546,"vertebrate fauna"
"537","28225",38145,"New Island Bone Pile 1",52531,"geochronologic"
"538","28225",38145,"New Island Bone Pile 1",52532,"vertebrate fauna"
"539","28225",38146,"New Island Bone Pile 2",52533,"geochronologic"
"540","28225",38146,"New Island Bone Pile 2",52534,"vertebrate fauna"
"541","28225",38147,"New Island Bone Pile 3",52535,"geochronologic"
"542","28225",38147,"New Island Bone Pile 3",52536,"vertebrate fauna"
"543","28225",38148,"New Island Bone Pile 4",52537,"geochronologic"
"544","28225",38148,"New Island Bone Pile 4",52538,"vertebrate fauna"
"545","28225",38149,"New Island Bone Pile 5",52539,"geochronologic"
"546","28225",38149,"New Island Bone Pile 5",52540,"vertebrate fauna"
"547","28225",38150,"New Island Bone Pile 6",52541,"geochronologic"
"548","28225",38150,"New Island Bone Pile 6",52542,"vertebrate fauna"
"549","28225",38153,"New Island Bone Pile 9",52547,"geochronologic"
"550","28225",38153,"New Island Bone Pile 9",52548,"vertebrate fauna"
"551","28225",38154,"New Island Bone Pile 10",52550,"vertebrate fauna"
"552","28225",38154,"New Island Bone Pile 10",52549,"geochronologic"
"553","28237",38169,"Nevali Cori",52575,"specimen stable isotope"
"554","28237",38169,"Nevali Cori",52576,"vertebrate fauna"
"555","28519",38618,"Ais Giorkis",53312,"specimen stable isotope"
"556","28519",38618,"Ais Giorkis",53313,"vertebrate fauna"
"557","26171",32448,"SLP2, SLP3, SL-2",45645,"geochronologic"
"558","26171",32448,"SLP2, SLP3, SL-2",45646,"plant macrofossil"
"559","26171",32448,"SLP2, SLP3, SL-2",45647,"charcoal"
"560","26171",32448,"SLP2, SLP3, SL-2",45648,"pollen"
"561","26171",32448,"SLP2, SLP3, SL-2",48758,"specimen stable isotope"
"562","26171",32448,"SLP2, SLP3, SL-2",48759,"plant macrofossil"
"563","28228",38157,NA,52554,"geochronologic"
"564","28228",38157,NA,52555,"vertebrate fauna"
"565","28235",38167,"Ugurlu Höyük",52571,"specimen stable isotope"
"566","28235",38167,"Ugurlu Höyük",52572,"vertebrate fauna"
"567","28237",38169,"Nevali Cori",52575,"specimen stable isotope"
"568","28237",38169,"Nevali Cori",52576,"vertebrate fauna"
"569","28519",38618,"Ais Giorkis",53312,"specimen stable isotope"
"570","28519",38618,"Ais Giorkis",53313,"vertebrate fauna"
"571","26171",32448,"SLP2, SLP3, SL-2",45645,"geochronologic"
"572","26171",32448,"SLP2, SLP3, SL-2",45646,"plant macrofossil"
"573","26171",32448,"SLP2, SLP3, SL-2",45647,"charcoal"
"574","26171",32448,"SLP2, SLP3, SL-2",45648,"pollen"
"575","26171",32448,"SLP2, SLP3, SL-2",48758,"specimen stable isotope"
"576","26171",32448,"SLP2, SLP3, SL-2",48759,"plant macrofossil"
"577","28225",38151,"New Island Bone Pile 7",52543,"geochronologic"
"578","28225",38151,"New Island Bone Pile 7",52544,"vertebrate fauna"
"579","28225",38152,"New Island Bone Pile 8",52545,"geochronologic"
"580","28225",38152,"New Island Bone Pile 8",52546,"vertebrate fauna"
"581","28225",38145,"New Island Bone Pile 1",52531,"geochronologic"
"582","28225",38145,"New Island Bone Pile 1",52532,"vertebrate fauna"
"583","28225",38146,"New Island Bone Pile 2",52533,"geochronologic"
"584","28225",38146,"New Island Bone Pile 2",52534,"vertebrate fauna"
"585","28225",38147,"New Island Bone Pile 3",52535,"geochronologic"
"586","28225",38147,"New Island Bone Pile 3",52536,"vertebrate fauna"
"587","28225",38148,"New Island Bone Pile 4",52537,"geochronologic"
"588","28225",38148,"New Island Bone Pile 4",52538,"vertebrate fauna"
"589","28225",38149,"New Island Bone Pile 5",52539,"geochronologic"
"590","28225",38149,"New Island Bone Pile 5",52540,"vertebrate fauna"
"591","28225",38150,"New Island Bone Pile 6",52541,"geochronologic"
"592","28225",38150,"New Island Bone Pile 6",52542,"vertebrate fauna"
"593","28225",38153,"New Island Bone Pile 9",52547,"geochronologic"
"594","28225",38153,"New Island Bone Pile 9",52548,"vertebrate fauna"
"595","28225",38154,"New Island Bone Pile 10",52550,"vertebrate fauna"
"596","28225",38154,"New Island Bone Pile 10",52549,"geochronologic"
"597","28228",38157,NA,52554,"geochronologic"
"598","28228",38157,NA,52555,"vertebrate fauna"
"599","28235",38167,"Ugurlu Höyük",52571,"specimen stable isotope"
"600","28235",38167,"Ugurlu Höyük",52572,"vertebrate fauna"
"601","28237",38169,"Nevali Cori",52575,"specimen stable isotope"
"602","28237",38169,"Nevali Cori",52576,"vertebrate fauna"
"603","28519",38618,"Ais Giorkis",53312,"specimen stable isotope"
"604","28519",38618,"Ais Giorkis",53313,"vertebrate fauna"
"605","26171",32448,"SLP2, SLP3, SL-2",45645,"geochronologic"
"606","26171",32448,"SLP2, SLP3, SL-2",45646,"plant macrofossil"
"607","26171",32448,"SLP2, SLP3, SL-2",45647,"charcoal"
"608","26171",32448,"SLP2, SLP3, SL-2",45648,"pollen"
"609","26171",32448,"SLP2, SLP3, SL-2",48758,"specimen stable isotope"
"610","26171",32448,"SLP2, SLP3, SL-2",48759,"plant macrofossil"
"611","28225",38151,"New Island Bone Pile 7",52543,"geochronologic"
"612","28225",38151,"New Island Bone Pile 7",52544,"vertebrate fauna"
"613","28225",38152,"New Island Bone Pile 8",52545,"geochronologic"
"614","28225",38152,"New Island Bone Pile 8",52546,"vertebrate fauna"
"615","28225",38145,"New Island Bone Pile 1",52531,"geochronologic"
"616","28225",38145,"New Island Bone Pile 1",52532,"vertebrate fauna"
"617","28225",38146,"New Island Bone Pile 2",52533,"geochronologic"
"618","28225",38146,"New Island Bone Pile 2",52534,"vertebrate fauna"
"619","28225",38147,"New Island Bone Pile 3",52535,"geochronologic"
"620","28225",38147,"New Island Bone Pile 3",52536,"vertebrate fauna"
"621","28225",38148,"New Island Bone Pile 4",52537,"geochronologic"
"622","28225",38148,"New Island Bone Pile 4",52538,"vertebrate fauna"
"623","28225",38149,"New Island Bone Pile 5",52539,"geochronologic"
"624","28225",38149,"New Island Bone Pile 5",52540,"vertebrate fauna"
"625","28225",38150,"New Island Bone Pile 6",52541,"geochronologic"
"626","28225",38150,"New Island Bone Pile 6",52542,"vertebrate fauna"
"627","28225",38153,"New Island Bone Pile 9",52547,"geochronologic"
"628","28225",38153,"New Island Bone Pile 9",52548,"vertebrate fauna"
"629","28225",38154,"New Island Bone Pile 10",52550,"vertebrate fauna"
"630","28225",38154,"New Island Bone Pile 10",52549,"geochronologic"
"631","28228",38157,NA,52554,"geochronologic"
"632","28228",38157,NA,52555,"vertebrate fauna"
"633","28235",38167,"Ugurlu Höyük",52571,"specimen stable isotope"
"634","28235",38167,"Ugurlu Höyük",52572,"vertebrate fauna"
"635","28237",38169,"Nevali Cori",52575,"specimen stable isotope"
"636","28237",38169,"Nevali Cori",52576,"vertebrate fauna"
"637","28519",38618,"Ais Giorkis",53312,"specimen stable isotope"
"638","28519",38618,"Ais Giorkis",53313,"vertebrate fauna"
"639","26171",32448,"SLP2, SLP3, SL-2",45645,"geochronologic"
"640","26171",32448,"SLP2, SLP3, SL-2",45646,"plant macrofossil"
"641","26171",32448,"SLP2, SLP3, SL-2",45647,"charcoal"
"642","26171",32448,"SLP2, SLP3, SL-2",45648,"pollen"
"643","26171",32448,"SLP2, SLP3, SL-2",48758,"specimen stable isotope"
"644","26171",32448,"SLP2, SLP3, SL-2",48759,"plant macrofossil"
"645","28225",38151,"New Island Bone Pile 7",52543,"geochronologic"
"646","28225",38151,"New Island Bone Pile 7",52544,"vertebrate fauna"
"647","28225",38152,"New Island Bone Pile 8",52545,"geochronologic"
"648","28225",38152,"New Island Bone Pile 8",52546,"vertebrate fauna"
"649","28225",38145,"New Island Bone Pile 1",52531,"geochronologic"
"650","28225",38145,"New Island Bone Pile 1",52532,"vertebrate fauna"
"651","28225",38146,"New Island Bone Pile 2",52533,"geochronologic"
"652","28225",38146,"New Island Bone Pile 2",52534,"vertebrate fauna"
"653","28225",38147,"New Island Bone Pile 3",52535,"geochronologic"
"654","28225",38147,"New Island Bone Pile 3",52536,"vertebrate fauna"
"655","28225",38148,"New Island Bone Pile 4",52537,"geochronologic"
"656","28225",38148,"New Island Bone Pile 4",52538,"vertebrate fauna"
"657","28225",38149,"New Island Bone Pile 5",52539,"geochronologic"
"658","28225",38149,"New Island Bone Pile 5",52540,"vertebrate fauna"
"659","28225",38150,"New Island Bone Pile 6",52541,"geochronologic"
"660","28225",38150,"New Island Bone Pile 6",52542,"vertebrate fauna"
"661","28225",38153,"New Island Bone Pile 9",52547,"geochronologic"
"662","28225",38153,"New Island Bone Pile 9",52548,"vertebrate fauna"
"663","28225",38154,"New Island Bone Pile 10",52550,"vertebrate fauna"
"664","28225",38154,"New Island Bone Pile 10",52549,"geochronologic"
"665","28229",38158,NA,52556,"geochronologic"
"666","28229",38158,NA,52557,"vertebrate fauna"
"667","28235",38167,"Ugurlu Höyük",52571,"specimen stable isotope"
"668","28235",38167,"Ugurlu Höyük",52572,"vertebrate fauna"
"669","28237",38169,"Nevali Cori",52575,"specimen stable isotope"
"670","28237",38169,"Nevali Cori",52576,"vertebrate fauna"
"671","28519",38618,"Ais Giorkis",53312,"specimen stable isotope"
"672","28519",38618,"Ais Giorkis",53313,"vertebrate fauna"
"673","26171",32448,"SLP2, SLP3, SL-2",45645,"geochronologic"
"674","26171",32448,"SLP2, SLP3, SL-2",45646,"plant macrofossil"
"675","26171",32448,"SLP2, SLP3, SL-2",45647,"charcoal"
"676","26171",32448,"SLP2, SLP3, SL-2",45648,"pollen"
"677","26171",32448,"SLP2, SLP3, SL-2",48758,"specimen stable isotope"
"678","26171",32448,"SLP2, SLP3, SL-2",48759,"plant macrofossil"
"679","28225",38151,"New Island Bone Pile 7",52543,"geochronologic"
"680","28225",38151,"New Island Bone Pile 7",52544,"vertebrate fauna"
"681","28225",38152,"New Island Bone Pile 8",52545,"geochronologic"
"682","28225",38152,"New Island Bone Pile 8",52546,"vertebrate fauna"
"683","28225",38145,"New Island Bone Pile 1",52531,"geochronologic"
"684","28225",38145,"New Island Bone Pile 1",52532,"vertebrate fauna"
"685","28225",38146,"New Island Bone Pile 2",52533,"geochronologic"
"686","28225",38146,"New Island Bone Pile 2",52534,"vertebrate fauna"
"687","28225",38147,"New Island Bone Pile 3",52535,"geochronologic"
"688","28225",38147,"New Island Bone Pile 3",52536,"vertebrate fauna"
"689","28225",38148,"New Island Bone Pile 4",52537,"geochronologic"
"690","28225",38148,"New Island Bone Pile 4",52538,"vertebrate fauna"
"691","28225",38149,"New Island Bone Pile 5",52539,"geochronologic"
"692","28225",38149,"New Island Bone Pile 5",52540,"vertebrate fauna"
"693","28225",38150,"New Island Bone Pile 6",52541,"geochronologic"
"694","28225",38150,"New Island Bone Pile 6",52542,"vertebrate fauna"
"695","28225",38153,"New Island Bone Pile 9",52547,"geochronologic"
"696","28225",38153,"New Island Bone Pile 9",52548,"vertebrate fauna"
"697","28225",38154,"New Island Bone Pile 10",52550,"vertebrate fauna"
"698","28225",38154,"New Island Bone Pile 10",52549,"geochronologic"
"699","28229",38158,NA,52556,"geochronologic"
"700","28229",38158,NA,52557,"vertebrate fauna"
"701","28235",38167,"Ugurlu Höyük",52571,"specimen stable isotope"
"702","28235",38167,"Ugurlu Höyük",52572,"vertebrate fauna"
"703","28237",38169,"Nevali Cori",52575,"specimen stable isotope"
"704","28237",38169,"Nevali Cori",52576,"vertebrate fauna"
"705","28519",38618,"Ais Giorkis",53312,"specimen stable isotope"
"706","28519",38618,"Ais Giorkis",53313,"vertebrate fauna"
"707","26171",32448,"SLP2, SLP3, SL-2",45645,"geochronologic"
"708","26171",32448,"SLP2, SLP3, SL-2",45646,"plant macrofossil"
"709","26171",32448,"SLP2, SLP3, SL-2",45647,"charcoal"
"710","26171",32448,"SLP2, SLP3, SL-2",45648,"pollen"
"711","26171",32448,"SLP2, SLP3, SL-2",48758,"specimen stable isotope"
"712","26171",32448,"SLP2, SLP3, SL-2",48759,"plant macrofossil"
"713","28225",38151,"New Island Bone Pile 7",52543,"geochronologic"
"714","28225",38151,"New Island Bone Pile 7",52544,"vertebrate fauna"
"715","28225",38152,"New Island Bone Pile 8",52545,"geochronologic"
"716","28225",38152,"New Island Bone Pile 8",52546,"vertebrate fauna"
"717","28225",38145,"New Island Bone Pile 1",52531,"geochronologic"
"718","28225",38145,"New Island Bone Pile 1",52532,"vertebrate fauna"
"719","28225",38146,"New Island Bone Pile 2",52533,"geochronologic"
"720","28225",38146,"New Island Bone Pile 2",52534,"vertebrate fauna"
"721","28225",38147,"New Island Bone Pile 3",52535,"geochronologic"
"722","28225",38147,"New Island Bone Pile 3",52536,"vertebrate fauna"
"723","28225",38148,"New Island Bone Pile 4",52537,"geochronologic"
"724","28225",38148,"New Island Bone Pile 4",52538,"vertebrate fauna"
"725","28225",38149,"New Island Bone Pile 5",52539,"geochronologic"
"726","28225",38149,"New Island Bone Pile 5",52540,"vertebrate fauna"
"727","28225",38150,"New Island Bone Pile 6",52541,"geochronologic"
"728","28225",38150,"New Island Bone Pile 6",52542,"vertebrate fauna"
"729","28225",38153,"New Island Bone Pile 9",52547,"geochronologic"
"730","28225",38153,"New Island Bone Pile 9",52548,"vertebrate fauna"
"731","28225",38154,"New Island Bone Pile 10",52550,"vertebrate fauna"
"732","28225",38154,"New Island Bone Pile 10",52549,"geochronologic"
"733","28229",38158,NA,52556,"geochronologic"
"734","28229",38158,NA,52557,"vertebrate fauna"
"735","28235",38167,"Ugurlu Höyük",52571,"specimen stable isotope"
"736","28235",38167,"Ugurlu Höyük",52572,"vertebrate fauna"
"737","28237",38169,"Nevali Cori",52575,"specimen stable isotope"
"738","28237",38169,"Nevali Cori",52576,"vertebrate fauna"
"739","28519",38618,"Ais Giorkis",53312,"specimen stable isotope"
"740","28519",38618,"Ais Giorkis",53313,"vertebrate fauna"
"741","26171",32448,"SLP2, SLP3, SL-2",45645,"geochronologic"
"742","26171",32448,"SLP2, SLP3, SL-2",45646,"plant macrofossil"
"743","26171",32448,"SLP2, SLP3, SL-2",45647,"charcoal"
"744","26171",32448,"SLP2, SLP3, SL-2",45648,"pollen"
"745","26171",32448,"SLP2, SLP3, SL-2",48758,"specimen stable isotope"
"746","26171",32448,"SLP2, SLP3, SL-2",48759,"plant macrofossil"
"747","28225",38151,"New Island Bone Pile 7",52543,"geochronologic"
"748","28225",38151,"New Island Bone Pile 7",52544,"vertebrate fauna"
"749","28225",38152,"New Island Bone Pile 8",52545,"geochronologic"
"750","28225",38152,"New Island Bone Pile 8",52546,"vertebrate fauna"
"751","28225",38145,"New Island Bone Pile 1",52531,"geochronologic"
"752","28225",38145,"New Island Bone Pile 1",52532,"vertebrate fauna"
"753","28225",38146,"New Island Bone Pile 2",52533,"geochronologic"
"754","28225",38146,"New Island Bone Pile 2",52534,"vertebrate fauna"
"755","28225",38147,"New Island Bone Pile 3",52535,"geochronologic"
"756","28225",38147,"New Island Bone Pile 3",52536,"vertebrate fauna"
"757","28225",38148,"New Island Bone Pile 4",52537,"geochronologic"
"758","28225",38148,"New Island Bone Pile 4",52538,"vertebrate fauna"
"759","28225",38149,"New Island Bone Pile 5",52539,"geochronologic"
"760","28225",38149,"New Island Bone Pile 5",52540,"vertebrate fauna"
"761","28225",38150,"New Island Bone Pile 6",52541,"geochronologic"
"762","28225",38150,"New Island Bone Pile 6",52542,"vertebrate fauna"
"763","28225",38153,"New Island Bone Pile 9",52547,"geochronologic"
"764","28225",38153,"New Island Bone Pile 9",52548,"vertebrate fauna"
"765","28225",38154,"New Island Bone Pile 10",52550,"vertebrate fauna"
"766","28225",38154,"New Island Bone Pile 10",52549,"geochronologic"
"767","28235",38167,"Ugurlu Höyük",52571,"specimen stable isotope"
"768","28235",38167,"Ugurlu Höyük",52572,"vertebrate fauna"
"769","28237",38169,"Nevali Cori",52575,"specimen stable isotope"
"770","28237",38169,"Nevali Cori",52576,"vertebrate fauna"
"771","28519",38618,"Ais Giorkis",53312,"specimen stable isotope"
"772","28519",38618,"Ais Giorkis",53313,"vertebrate fauna"
"773","26171",32448,"SLP2, SLP3, SL-2",45645,"geochronologic"
"774","26171",32448,"SLP2, SLP3, SL-2",45646,"plant macrofossil"
"775","26171",32448,"SLP2, SLP3, SL-2",45647,"charcoal"
"776","26171",32448,"SLP2, SLP3, SL-2",45648,"pollen"
"777","26171",32448,"SLP2, SLP3, SL-2",48758,"specimen stable isotope"
"778","26171",32448,"SLP2, SLP3, SL-2",48759,"plant macrofossil"
"779","28225",38151,"New Island Bone Pile 7",52543,"geochronologic"
"780","28225",38151,"New Island Bone Pile 7",52544,"vertebrate fauna"
"781","28225",38152,"New Island Bone Pile 8",52545,"geochronologic"
"782","28225",38152,"New Island Bone Pile 8",52546,"vertebrate fauna"
"783","28225",38145,"New Island Bone Pile 1",52531,"geochronologic"
"784","28225",38145,"New Island Bone Pile 1",52532,"vertebrate fauna"
"785","28225",38146,"New Island Bone Pile 2",52533,"geochronologic"
"786","28225",38146,"New Island Bone Pile 2",52534,"vertebrate fauna"
"787","28225",38147,"New Island Bone Pile 3",52535,"geochronologic"
"788","28225",38147,"New Island Bone Pile 3",52536,"vertebrate fauna"
"789","28225",38148,"New Island Bone Pile 4",52537,"geochronologic"
"790","28225",38148,"New Island Bone Pile 4",52538,"vertebrate fauna"
"791","28225",38149,"New Island Bone Pile 5",52539,"geochronologic"
"792","28225",38149,"New Island Bone Pile 5",52540,"vertebrate fauna"
"793","28225",38150,"New Island Bone Pile 6",52541,"geochronologic"
"794","28225",38150,"New Island Bone Pile 6",52542,"vertebrate fauna"
"795","28225",38153,"New Island Bone Pile 9",52547,"geochronologic"
"796","28225",38153,"New Island Bone Pile 9",52548,"vertebrate fauna"
"797","28225",38154,"New Island Bone Pile 10",52550,"vertebrate fauna"
"798","28225",38154,"New Island Bone Pile 10",52549,"geochronologic"
"799","28235",38167,"Ugurlu Höyük",52571,"specimen stable isotope"
"800","28235",38167,"Ugurlu Höyük",52572,"vertebrate fauna"
"801","28237",38169,"Nevali Cori",52575,"specimen stable isotope"
"802","28237",38169,"Nevali Cori",52576,"vertebrate fauna"
"803","28519",38618,"Ais Giorkis",53312,"specimen stable isotope"
"804","28519",38618,"Ais Giorkis",53313,"vertebrate fauna"
"805","3562",4450,"Locality",4595,"vertebrate fauna"
"806","3562",4450,"Locality",9296,"geochronologic"
"807","3593",4490,"Locality",4635,"vertebrate fauna"
"808","3593",4490,"Locality",9315,"geochronologic"
"809","27290",35162,"Settlement areas A-C",48819,"specimen stable isotope"
"810","27290",35162,"Settlement areas A-C",48820,"vertebrate fauna"
"811","27290",35164,"Settlement Areas B - C",48823,"specimen stable isotope"
"812","27290",35164,"Settlement Areas B - C",48824,"vertebrate fauna"
"813","27291",35163,"Mound",48821,"specimen stable isotope"
"814","27291",35163,"Mound",48822,"vertebrate fauna"
"815","27293",35166,"Settlement",48827,"specimen stable isotope"
"816","27293",35166,"Settlement",48828,"vertebrate fauna"
"817","27294",35167,"Extramural Cemetery",48829,"specimen stable isotope"
"818","27294",35167,"Extramural Cemetery",48830,"vertebrate fauna"
"819","27302",35175,"Caprine Assemblage",48850,"specimen stable isotope"
"820","27302",35175,"Caprine Assemblage",48851,"vertebrate fauna"
"821","28237",38169,"Nevali Cori",52575,"specimen stable isotope"
"822","28237",38169,"Nevali Cori",52576,"vertebrate fauna"
"823","28519",38618,"Ais Giorkis",53312,"specimen stable isotope"
"824","28519",38618,"Ais Giorkis",53313,"vertebrate fauna"
"825","3546",4429,"Locality",4574,"vertebrate fauna"
"826","3546",4430,"Unit A",4575,"vertebrate fauna"
"827","3546",4430,"Unit A",9282,"geochronologic"
"828","3546",4431,"Unit A/B",4576,"vertebrate fauna"
"829","3546",4432,"Unit B",4577,"vertebrate fauna"
"830","3546",4433,"Unit C",4578,"vertebrate fauna"
"831","3546",4433,"Unit C",9283,"geochronologic"
"832","3546",4434,"Locality",4579,"vertebrate fauna"
"833","3546",4434,"Locality",10603,"macroinvertebrate"
"834","3558",4446,"Locality",4591,"vertebrate fauna"
"835","3558",4446,"Locality",9292,"geochronologic"
"836","3558",35355,NA,49230,"geochronologic"
"837","3558",35355,NA,49231,"vertebrate fauna"
"838","3560",4448,"Locality",4593,"vertebrate fauna"
"839","3560",4448,"Locality",9294,"geochronologic"
"840","3561",4449,"Locality",4594,"vertebrate fauna"
"841","3561",4449,"Locality",9295,"geochronologic"
"842","3563",4451,"Armadillo Pit (II)",4596,"vertebrate fauna"
"843","3563",4452,"Sloth Pit (III)",4597,"vertebrate fauna"
"844","3563",4453,"Young Brothers Room (I)",4598,"vertebrate fauna"
"845","3563",35348,"Caribou Pit",49213,"geochronologic"
"846","3563",35348,"Caribou Pit",49214,"vertebrate fauna"
"847","3593",4490,"Locality",4635,"vertebrate fauna"
"848","3593",4490,"Locality",9315,"geochronologic"
"849","3864",4789,"Locality",4934,"vertebrate fauna"
"850","3864",4789,"Locality",9447,"geochronologic"
"851","4415",5417,"Locality",5562,"vertebrate fauna"
"852","4415",5417,"Locality",9695,"geochronologic"
"853","5736",6918,"Locality",7063,"vertebrate fauna"
"854","5736",6918,"Locality",10193,"geochronologic"
"855","5782",6965,"Locality",7110,"vertebrate fauna"
"856","5782",6965,"Locality",10219,"geochronologic"
"857","5782",6965,"Locality",49232,"vertebrate fauna"
"858","5784",6967,"Locality",7112,"vertebrate fauna"
"859","5784",6967,"Locality",10220,"geochronologic"
"860","27290",35162,"Settlement areas A-C",48819,"specimen stable isotope"
"861","27290",35162,"Settlement areas A-C",48820,"vertebrate fauna"
"862","27290",35164,"Settlement Areas B - C",48823,"specimen stable isotope"
"863","27290",35164,"Settlement Areas B - C",48824,"vertebrate fauna"
"864","27291",35163,"Mound",48821,"specimen stable isotope"
"865","27291",35163,"Mound",48822,"vertebrate fauna"
"866","27293",35166,"Settlement",48827,"specimen stable isotope"
"867","27293",35166,"Settlement",48828,"vertebrate fauna"
"868","27294",35167,"Extramural Cemetery",48829,"specimen stable isotope"
"869","27294",35167,"Extramural Cemetery",48830,"vertebrate fauna"
"870","27429",35373,"Area 2",49270,"geochronologic"
"871","27429",35373,"Area 2",49271,"vertebrate fauna"
"872","27429",35375,"Area 1",49273,"geochronologic"
"873","27429",35375,"Area 1",49274,"vertebrate fauna"
"874","27430",35377,"Unit 1",49277,"geochronologic"
"875","27430",35377,"Unit 1",49278,"vertebrate fauna"
"876","27431",35378,"#2",49279,"geochronologic"
"877","27431",35378,"#2",49280,"vertebrate fauna"
"878","27496",35450,NA,49365,"geochronologic"
"879","27496",35450,NA,49366,"vertebrate fauna"
"880","28207",38126,"Markia Alonia",52490,"specimen stable isotope"
"881","28207",38126,"Markia Alonia",52491,"vertebrate fauna"
"882","28225",38151,"New Island Bone Pile 7",52543,"geochronologic"
"883","28225",38151,"New Island Bone Pile 7",52544,"vertebrate fauna"
"884","28225",38152,"New Island Bone Pile 8",52545,"geochronologic"
"885","28225",38152,"New Island Bone Pile 8",52546,"vertebrate fauna"
"886","28225",38145,"New Island Bone Pile 1",52531,"geochronologic"
"887","28225",38145,"New Island Bone Pile 1",52532,"vertebrate fauna"
"888","28225",38146,"New Island Bone Pile 2",52533,"geochronologic"
"889","28225",38146,"New Island Bone Pile 2",52534,"vertebrate fauna"
"890","28225",38147,"New Island Bone Pile 3",52535,"geochronologic"
"891","28225",38147,"New Island Bone Pile 3",52536,"vertebrate fauna"
"892","28225",38148,"New Island Bone Pile 4",52537,"geochronologic"
"893","28225",38148,"New Island Bone Pile 4",52538,"vertebrate fauna"
"894","28225",38149,"New Island Bone Pile 5",52539,"geochronologic"
"895","28225",38149,"New Island Bone Pile 5",52540,"vertebrate fauna"
"896","28225",38150,"New Island Bone Pile 6",52541,"geochronologic"
"897","28225",38150,"New Island Bone Pile 6",52542,"vertebrate fauna"
"898","28225",38153,"New Island Bone Pile 9",52547,"geochronologic"
"899","28225",38153,"New Island Bone Pile 9",52548,"vertebrate fauna"
"900","28225",38154,"New Island Bone Pile 10",52550,"vertebrate fauna"
"901","28225",38154,"New Island Bone Pile 10",52549,"geochronologic"
"902","28237",38169,"Nevali Cori",52575,"specimen stable isotope"
"903","28237",38169,"Nevali Cori",52576,"vertebrate fauna"
"904","28519",38618,"Ais Giorkis",53312,"specimen stable isotope"
"905","28519",38618,"Ais Giorkis",53313,"vertebrate fauna"
"906","3546",4429,"Locality",4574,"vertebrate fauna"
"907","3546",4430,"Unit A",4575,"vertebrate fauna"
"908","3546",4430,"Unit A",9282,"geochronologic"
"909","3546",4431,"Unit A/B",4576,"vertebrate fauna"
"910","3546",4432,"Unit B",4577,"vertebrate fauna"
"911","3546",4433,"Unit C",4578,"vertebrate fauna"
"912","3546",4433,"Unit C",9283,"geochronologic"
"913","3546",4434,"Locality",4579,"vertebrate fauna"
"914","3546",4434,"Locality",10603,"macroinvertebrate"
"915","3558",4446,"Locality",4591,"vertebrate fauna"
"916","3558",4446,"Locality",9292,"geochronologic"
"917","3558",35355,NA,49230,"geochronologic"
"918","3558",35355,NA,49231,"vertebrate fauna"
"919","3560",4448,"Locality",4593,"vertebrate fauna"
"920","3560",4448,"Locality",9294,"geochronologic"
"921","3561",4449,"Locality",4594,"vertebrate fauna"
"922","3561",4449,"Locality",9295,"geochronologic"
"923","3562",4450,"Locality",4595,"vertebrate fauna"
"924","3562",4450,"Locality",9296,"geochronologic"
"925","3563",4451,"Armadillo Pit (II)",4596,"vertebrate fauna"
"926","3563",4452,"Sloth Pit (III)",4597,"vertebrate fauna"
"927","3563",4453,"Young Brothers Room (I)",4598,"vertebrate fauna"
"928","3563",35348,"Caribou Pit",49213,"geochronologic"
"929","3563",35348,"Caribou Pit",49214,"vertebrate fauna"
"930","3593",4490,"Locality",4635,"vertebrate fauna"
"931","3593",4490,"Locality",9315,"geochronologic"
"932","5736",6918,"Locality",7063,"vertebrate fauna"
"933","5736",6918,"Locality",10193,"geochronologic"
"934","5782",6965,"Locality",7110,"vertebrate fauna"
"935","5782",6965,"Locality",10219,"geochronologic"
"936","5782",6965,"Locality",49232,"vertebrate fauna"
"937","5784",6967,"Locality",7112,"vertebrate fauna"
"938","5784",6967,"Locality",10220,"geochronologic"
"939","6033",7225,"Locality",7370,"vertebrate fauna"
"940","6033",7225,"Locality",10262,"geochronologic"
"941","6033",35379,"#1",49281,"geochronologic"
"942","6033",35379,"#1",49282,"vertebrate fauna"
"943","27294",35167,"Extramural Cemetery",48829,"specimen stable isotope"
"944","27294",35167,"Extramural Cemetery",48830,"vertebrate fauna"
"945","27302",35175,"Caprine Assemblage",48850,"specimen stable isotope"
"946","27302",35175,"Caprine Assemblage",48851,"vertebrate fauna"
"947","27429",35373,"Area 2",49270,"geochronologic"
"948","27429",35373,"Area 2",49271,"vertebrate fauna"
"949","27429",35375,"Area 1",49273,"geochronologic"
"950","27429",35375,"Area 1",49274,"vertebrate fauna"
"951","27430",35377,"Unit 1",49277,"geochronologic"
"952","27430",35377,"Unit 1",49278,"vertebrate fauna"
"953","28207",38126,"Markia Alonia",52490,"specimen stable isotope"
"954","28207",38126,"Markia Alonia",52491,"vertebrate fauna"
"955","3546",4429,"Locality",4574,"vertebrate fauna"
"956","3546",4430,"Unit A",4575,"vertebrate fauna"
"957","3546",4430,"Unit A",9282,"geochronologic"
"958","3546",4431,"Unit A/B",4576,"vertebrate fauna"
"959","3546",4432,"Unit B",4577,"vertebrate fauna"
"960","3546",4433,"Unit C",4578,"vertebrate fauna"
"961","3546",4433,"Unit C",9283,"geochronologic"
"962","3546",4434,"Locality",4579,"vertebrate fauna"
"963","3546",4434,"Locality",10603,"macroinvertebrate"
"964","3558",4446,"Locality",4591,"vertebrate fauna"
"965","3558",4446,"Locality",9292,"geochronologic"
"966","3558",35355,NA,49230,"geochronologic"
"967","3558",35355,NA,49231,"vertebrate fauna"
"968","3560",4448,"Locality",4593,"vertebrate fauna"
"969","3560",4448,"Locality",9294,"geochronologic"
"970","3561",4449,"Locality",4594,"vertebrate fauna"
"971","3561",4449,"Locality",9295,"geochronologic"
"972","3562",4450,"Locality",4595,"vertebrate fauna"
"973","3562",4450,"Locality",9296,"geochronologic"
"974","3593",4490,"Locality",4635,"vertebrate fauna"
"975","3593",4490,"Locality",9315,"geochronologic"
"976","27290",35162,"Settlement areas A-C",48819,"specimen stable isotope"
"977","27290",35162,"Settlement areas A-C",48820,"vertebrate fauna"
"978","27290",35164,"Settlement Areas B - C",48823,"specimen stable isotope"
"979","27290",35164,"Settlement Areas B - C",48824,"vertebrate fauna"
"980","27291",35163,"Mound",48821,"specimen stable isotope"
"981","27291",35163,"Mound",48822,"vertebrate fauna"
"982","27293",35166,"Settlement",48827,"specimen stable isotope"
"983","27293",35166,"Settlement",48828,"vertebrate fauna"
"984","27294",35167,"Extramural Cemetery",48829,"specimen stable isotope"
"985","27294",35167,"Extramural Cemetery",48830,"vertebrate fauna"
"986","27302",35175,"Caprine Assemblage",48850,"specimen stable isotope"
"987","27302",35175,"Caprine Assemblage",48851,"vertebrate fauna"
"988","3546",4429,"Locality",4574,"vertebrate fauna"
"989","3546",4430,"Unit A",4575,"vertebrate fauna"
"990","3546",4430,"Unit A",9282,"geochronologic"
"991","3546",4431,"Unit A/B",4576,"vertebrate fauna"
"992","3546",4432,"Unit B",4577,"vertebrate fauna"
"993","3546",4433,"Unit C",4578,"vertebrate fauna"
"994","3546",4433,"Unit C",9283,"geochronologic"
"995","3546",4434,"Locality",4579,"vertebrate fauna"
"996","3546",4434,"Locality",10603,"macroinvertebrate"
"997","3560",4448,"Locality",4593,"vertebrate fauna"
"998","3560",4448,"Locality",9294,"geochronologic"
"999","3561",4449,"Locality",4594,"vertebrate fauna"
"1000","3561",4449,"Locality",9295,"geochronologic"
"1001","3562",4450,"Locality",4595,"vertebrate fauna"
"1002","3562",4450,"Locality",9296,"geochronologic"
"1003","3593",4490,"Locality",4635,"vertebrate fauna"
"1004","3593",4490,"Locality",9315,"geochronologic"
"1005","5782",6965,"Locality",7110,"vertebrate fauna"
"1006","5782",6965,"Locality",10219,"geochronologic"
"1007","5782",6965,"Locality",49232,"vertebrate fauna"
"1008","5784",6967,"Locality",7112,"vertebrate fauna"
"1009","5784",6967,"Locality",10220,"geochronologic"
"1010","27290",35162,"Settlement areas A-C",48819,"specimen stable isotope"
"1011","27290",35162,"Settlement areas A-C",48820,"vertebrate fauna"
"1012","27290",35164,"Settlement Areas B - C",48823,"specimen stable isotope"
"1013","27290",35164,"Settlement Areas B - C",48824,"vertebrate fauna"
"1014","27291",35163,"Mound",48821,"specimen stable isotope"
"1015","27291",35163,"Mound",48822,"vertebrate fauna"
"1016","27293",35166,"Settlement",48827,"specimen stable isotope"
"1017","27293",35166,"Settlement",48828,"vertebrate fauna"
"1018","27294",35167,"Extramural Cemetery",48829,"specimen stable isotope"
"1019","27294",35167,"Extramural Cemetery",48830,"vertebrate fauna"
"1020","27302",35175,"Caprine Assemblage",48850,"specimen stable isotope"
"1021","27302",35175,"Caprine Assemblage",48851,"vertebrate fauna"
"1022","27429",35373,"Area 2",49270,"geochronologic"
"1023","27429",35373,"Area 2",49271,"vertebrate fauna"
"1024","27429",35375,"Area 1",49273,"geochronologic"
"1025","27429",35375,"Area 1",49274,"vertebrate fauna"
"1026","27430",35377,"Unit 1",49277,"geochronologic"
"1027","27430",35377,"Unit 1",49278,"vertebrate fauna"
"1028","28207",38126,"Markia Alonia",52490,"specimen stable isotope"
"1029","28207",38126,"Markia Alonia",52491,"vertebrate fauna"
"1030","3546",4429,"Locality",4574,"vertebrate fauna"
"1031","3546",4430,"Unit A",4575,"vertebrate fauna"
"1032","3546",4430,"Unit A",9282,"geochronologic"
"1033","3546",4431,"Unit A/B",4576,"vertebrate fauna"
"1034","3546",4432,"Unit B",4577,"vertebrate fauna"
"1035","3546",4433,"Unit C",4578,"vertebrate fauna"
"1036","3546",4433,"Unit C",9283,"geochronologic"
"1037","3546",4434,"Locality",4579,"vertebrate fauna"
"1038","3546",4434,"Locality",10603,"macroinvertebrate"
"1039","3558",4446,"Locality",4591,"vertebrate fauna"
"1040","3558",4446,"Locality",9292,"geochronologic"
"1041","3558",35355,NA,49230,"geochronologic"
"1042","3558",35355,NA,49231,"vertebrate fauna"
"1043","3561",4449,"Locality",4594,"vertebrate fauna"
"1044","3561",4449,"Locality",9295,"geochronologic"
"1045","3562",4450,"Locality",4595,"vertebrate fauna"
"1046","3562",4450,"Locality",9296,"geochronologic"
"1047","3593",4490,"Locality",4635,"vertebrate fauna"
"1048","3593",4490,"Locality",9315,"geochronologic"
"1049","4415",5417,"Locality",5562,"vertebrate fauna"
"1050","4415",5417,"Locality",9695,"geochronologic"
"1051","5355",6519,"Locality",6664,"vertebrate fauna"
"1052","5355",6519,"Locality",10099,"geochronologic"
"1053","5355",7104,"Locality",7249,"vertebrate fauna"
"1054","5784",6967,"Locality",7112,"vertebrate fauna"
"1055","5784",6967,"Locality",10220,"geochronologic"
"1056","15985",18028,NA,24656,"vertebrate fauna"
"1057","27290",35162,"Settlement areas A-C",48819,"specimen stable isotope"
"1058","27290",35162,"Settlement areas A-C",48820,"vertebrate fauna"
"1059","27290",35164,"Settlement Areas B - C",48823,"specimen stable isotope"
"1060","27290",35164,"Settlement Areas B - C",48824,"vertebrate fauna"
"1061","27291",35163,"Mound",48821,"specimen stable isotope"
"1062","27291",35163,"Mound",48822,"vertebrate fauna"
"1063","27293",35166,"Settlement",48827,"specimen stable isotope"
"1064","27293",35166,"Settlement",48828,"vertebrate fauna"
"1065","27294",35167,"Extramural Cemetery",48829,"specimen stable isotope"
"1066","27294",35167,"Extramural Cemetery",48830,"vertebrate fauna"
"1067","27302",35175,"Caprine Assemblage",48850,"specimen stable isotope"
"1068","27302",35175,"Caprine Assemblage",48851,"vertebrate fauna"
"1069","27429",35373,"Area 2",49270,"geochronologic"
"1070","27429",35373,"Area 2",49271,"vertebrate fauna"
"1071","27429",35375,"Area 1",49273,"geochronologic"
"1072","27429",35375,"Area 1",49274,"vertebrate fauna"
"1073","27430",35377,"Unit 1",49277,"geochronologic"
"1074","27430",35377,"Unit 1",49278,"vertebrate fauna"
"1075","28207",38126,"Markia Alonia",52490,"specimen stable isotope"
"1076","28207",38126,"Markia Alonia",52491,"vertebrate fauna"
"1077","3546",4429,"Locality",4574,"vertebrate fauna"
"1078","3546",4430,"Unit A",4575,"vertebrate fauna"
"1079","3546",4430,"Unit A",9282,"geochronologic"
"1080","3546",4431,"Unit A/B",4576,"vertebrate fauna"
"1081","3546",4432,"Unit B",4577,"vertebrate fauna"
"1082","3546",4433,"Unit C",4578,"vertebrate fauna"
"1083","3546",4433,"Unit C",9283,"geochronologic"
"1084","3546",4434,"Locality",4579,"vertebrate fauna"
"1085","3546",4434,"Locality",10603,"macroinvertebrate"
"1086","3558",4446,"Locality",4591,"vertebrate fauna"
"1087","3558",4446,"Locality",9292,"geochronologic"
"1088","3558",35355,NA,49230,"geochronologic"
"1089","3558",35355,NA,49231,"vertebrate fauna"
"1090","3593",4490,"Locality",4635,"vertebrate fauna"
"1091","3593",4490,"Locality",9315,"geochronologic"
"1092","4415",5417,"Locality",5562,"vertebrate fauna"
"1093","4415",5417,"Locality",9695,"geochronologic"
"1094","5327",6491,"Locality",6636,"vertebrate fauna"
"1095","5784",6967,"Locality",7112,"vertebrate fauna"
"1096","5784",6967,"Locality",10220,"geochronologic"
"1097","27290",35162,"Settlement areas A-C",48819,"specimen stable isotope"
"1098","27290",35162,"Settlement areas A-C",48820,"vertebrate fauna"
"1099","27290",35164,"Settlement Areas B - C",48823,"specimen stable isotope"
"1100","27290",35164,"Settlement Areas B - C",48824,"vertebrate fauna"
"1101","27291",35163,"Mound",48821,"specimen stable isotope"
"1102","27291",35163,"Mound",48822,"vertebrate fauna"
"1103","27293",35166,"Settlement",48827,"specimen stable isotope"
"1104","27293",35166,"Settlement",48828,"vertebrate fauna"
"1105","27294",35167,"Extramural Cemetery",48829,"specimen stable isotope"
"1106","27294",35167,"Extramural Cemetery",48830,"vertebrate fauna"
"1107","27302",35175,"Caprine Assemblage",48850,"specimen stable isotope"
"1108","27302",35175,"Caprine Assemblage",48851,"vertebrate fauna"
"1109","27429",35373,"Area 2",49270,"geochronologic"
"1110","27429",35373,"Area 2",49271,"vertebrate fauna"
"1111","27429",35375,"Area 1",49273,"geochronologic"
"1112","27429",35375,"Area 1",49274,"vertebrate fauna"
"1113","27430",35377,"Unit 1",49277,"geochronologic"
"1114","27430",35377,"Unit 1",49278,"vertebrate fauna"
"1115","28207",38126,"Markia Alonia",52490,"specimen stable isotope"
"1116","28207",38126,"Markia Alonia",52491,"vertebrate fauna"
"1117","3546",4429,"Locality",4574,"vertebrate fauna"
"1118","3546",4430,"Unit A",4575,"vertebrate fauna"
"1119","3546",4430,"Unit A",9282,"geochronologic"
"1120","3546",4431,"Unit A/B",4576,"vertebrate fauna"
"1121","3546",4432,"Unit B",4577,"vertebrate fauna"
"1122","3546",4433,"Unit C",4578,"vertebrate fauna"
"1123","3546",4433,"Unit C",9283,"geochronologic"
"1124","3546",4434,"Locality",4579,"vertebrate fauna"
"1125","3546",4434,"Locality",10603,"macroinvertebrate"
"1126","3558",4446,"Locality",4591,"vertebrate fauna"
"1127","3558",4446,"Locality",9292,"geochronologic"
"1128","3558",35355,NA,49230,"geochronologic"
"1129","3558",35355,NA,49231,"vertebrate fauna"
"1130","3593",4490,"Locality",4635,"vertebrate fauna"
"1131","3593",4490,"Locality",9315,"geochronologic"
"1132","4251",5220,"Locality",5365,"vertebrate fauna"
"1133","4415",5417,"Locality",5562,"vertebrate fauna"
"1134","4415",5417,"Locality",9695,"geochronologic"
"1135","5327",6491,"Locality",6636,"vertebrate fauna"
"1136","27290",35162,"Settlement areas A-C",48819,"specimen stable isotope"
"1137","27290",35162,"Settlement areas A-C",48820,"vertebrate fauna"
"1138","27290",35164,"Settlement Areas B - C",48823,"specimen stable isotope"
"1139","27290",35164,"Settlement Areas B - C",48824,"vertebrate fauna"
"1140","27291",35163,"Mound",48821,"specimen stable isotope"
"1141","27291",35163,"Mound",48822,"vertebrate fauna"
"1142","27293",35166,"Settlement",48827,"specimen stable isotope"
"1143","27293",35166,"Settlement",48828,"vertebrate fauna"
"1144","27294",35167,"Extramural Cemetery",48829,"specimen stable isotope"
"1145","27294",35167,"Extramural Cemetery",48830,"vertebrate fauna"
"1146","27302",35175,"Caprine Assemblage",48850,"specimen stable isotope"
"1147","27302",35175,"Caprine Assemblage",48851,"vertebrate fauna"
"1148","27430",35377,"Unit 1",49277,"geochronologic"
"1149","27430",35377,"Unit 1",49278,"vertebrate fauna"
"1150","28207",38126,"Markia Alonia",52490,"specimen stable isotope"
"1151","28207",38126,"Markia Alonia",52491,"vertebrate fauna"
"1152","3546",4429,"Locality",4574,"vertebrate fauna"
"1153","3546",4430,"Unit A",4575,"vertebrate fauna"
"1154","3546",4430,"Unit A",9282,"geochronologic"
"1155","3546",4431,"Unit A/B",4576,"vertebrate fauna"
"1156","3546",4432,"Unit B",4577,"vertebrate fauna"
"1157","3546",4433,"Unit C",4578,"vertebrate fauna"
"1158","3546",4433,"Unit C",9283,"geochronologic"
"1159","3546",4434,"Locality",4579,"vertebrate fauna"
"1160","3546",4434,"Locality",10603,"macroinvertebrate"
"1161","5327",6491,"Locality",6636,"vertebrate fauna"
"1162","22552",27098,NA,39167,"vertebrate fauna"
"1163","27290",35162,"Settlement areas A-C",48819,"specimen stable isotope"
"1164","27290",35162,"Settlement areas A-C",48820,"vertebrate fauna"
"1165","27290",35164,"Settlement Areas B - C",48823,"specimen stable isotope"
"1166","27290",35164,"Settlement Areas B - C",48824,"vertebrate fauna"
"1167","27291",35163,"Mound",48821,"specimen stable isotope"
"1168","27291",35163,"Mound",48822,"vertebrate fauna"
"1169","27293",35166,"Settlement",48827,"specimen stable isotope"
"1170","27293",35166,"Settlement",48828,"vertebrate fauna"
"1171","27294",35167,"Extramural Cemetery",48829,"specimen stable isotope"
"1172","27294",35167,"Extramural Cemetery",48830,"vertebrate fauna"
"1173","27302",35175,"Caprine Assemblage",48850,"specimen stable isotope"
"1174","27302",35175,"Caprine Assemblage",48851,"vertebrate fauna"
"1175","28207",38126,"Markia Alonia",52490,"specimen stable isotope"
"1176","28207",38126,"Markia Alonia",52491,"vertebrate fauna"
"1177","3546",4429,"Locality",4574,"vertebrate fauna"
"1178","3546",4430,"Unit A",4575,"vertebrate fauna"
"1179","3546",4430,"Unit A",9282,"geochronologic"
"1180","3546",4431,"Unit A/B",4576,"vertebrate fauna"
"1181","3546",4432,"Unit B",4577,"vertebrate fauna"
"1182","3546",4433,"Unit C",4578,"vertebrate fauna"
"1183","3546",4433,"Unit C",9283,"geochronologic"
"1184","3546",4434,"Locality",4579,"vertebrate fauna"
"1185","3546",4434,"Locality",10603,"macroinvertebrate"
"1186","5327",6491,"Locality",6636,"vertebrate fauna"
"1187","27290",35162,"Settlement areas A-C",48819,"specimen stable isotope"
"1188","27290",35162,"Settlement areas A-C",48820,"vertebrate fauna"
"1189","27290",35164,"Settlement Areas B - C",48823,"specimen stable isotope"
"1190","27290",35164,"Settlement Areas B - C",48824,"vertebrate fauna"
"1191","27291",35163,"Mound",48821,"specimen stable isotope"
"1192","27291",35163,"Mound",48822,"vertebrate fauna"
"1193","27293",35166,"Settlement",48827,"specimen stable isotope"
"1194","27293",35166,"Settlement",48828,"vertebrate fauna"
"1195","27295",35168,"Extramural Cemetery",48831,"specimen stable isotope"
"1196","27295",35168,"Extramural Cemetery",48832,"vertebrate fauna"
"1197","27302",35175,"Caprine Assemblage",48850,"specimen stable isotope"
"1198","27302",35175,"Caprine Assemblage",48851,"vertebrate fauna"
"1199","28207",38126,"Markia Alonia",52490,"specimen stable isotope"
"1200","28207",38126,"Markia Alonia",52491,"vertebrate fauna"
"1201","3546",4429,"Locality",4574,"vertebrate fauna"
"1202","3546",4430,"Unit A",4575,"vertebrate fauna"
"1203","3546",4430,"Unit A",9282,"geochronologic"
"1204","3546",4431,"Unit A/B",4576,"vertebrate fauna"
"1205","3546",4432,"Unit B",4577,"vertebrate fauna"
"1206","3546",4433,"Unit C",4578,"vertebrate fauna"
"1207","3546",4433,"Unit C",9283,"geochronologic"
"1208","3546",4434,"Locality",4579,"vertebrate fauna"
"1209","3546",4434,"Locality",10603,"macroinvertebrate"
"1210","27290",35162,"Settlement areas A-C",48819,"specimen stable isotope"
"1211","27290",35162,"Settlement areas A-C",48820,"vertebrate fauna"
"1212","27290",35164,"Settlement Areas B - C",48823,"specimen stable isotope"
"1213","27290",35164,"Settlement Areas B - C",48824,"vertebrate fauna"
"1214","27295",35168,"Extramural Cemetery",48831,"specimen stable isotope"
"1215","27295",35168,"Extramural Cemetery",48832,"vertebrate fauna"
"1216","27290",35162,"Settlement areas A-C",48819,"specimen stable isotope"
"1217","27290",35162,"Settlement areas A-C",48820,"vertebrate fauna"
"1218","27290",35164,"Settlement Areas B - C",48823,"specimen stable isotope"
"1219","27290",35164,"Settlement Areas B - C",48824,"vertebrate fauna"
"1220","27292",35165,"Building 1 and Nearby Excavated Pit",48825,"specimen stable isotope"
"1221","27292",35165,"Building 1 and Nearby Excavated Pit",48826,"vertebrate fauna"
"1222","27295",35168,"Extramural Cemetery",48831,"specimen stable isotope"
"1223","27295",35168,"Extramural Cemetery",48832,"vertebrate fauna"
"1224","27296",35169,"Assemblage",48834,"vertebrate fauna"
"1225","27292",35165,"Building 1 and Nearby Excavated Pit",48825,"specimen stable isotope"
"1226","27292",35165,"Building 1 and Nearby Excavated Pit",48826,"vertebrate fauna"
"1227","27296",35169,"Assemblage",48834,"vertebrate fauna"
"1228","27292",35165,"Building 1 and Nearby Excavated Pit",48825,"specimen stable isotope"
"1229","27292",35165,"Building 1 and Nearby Excavated Pit",48826,"vertebrate fauna"
"1230","27296",35169,"Assemblage",48834,"vertebrate fauna"
"1231","26171",32448,"SLP2, SLP3, SL-2",45645,"geochronologic"
"1232","26171",32448,"SLP2, SLP3, SL-2",45646,"plant macrofossil"
"1233","26171",32448,"SLP2, SLP3, SL-2",45647,"charcoal"
"1234","26171",32448,"SLP2, SLP3, SL-2",45648,"pollen"
"1235","26171",32448,"SLP2, SLP3, SL-2",48758,"specimen stable isotope"
"1236","26171",32448,"SLP2, SLP3, SL-2",48759,"plant macrofossil"
"1237","27292",35165,"Building 1 and Nearby Excavated Pit",48825,"specimen stable isotope"
"1238","27292",35165,"Building 1 and Nearby Excavated Pit",48826,"vertebrate fauna"
"1239","27296",35169,"Assemblage",48834,"vertebrate fauna"
"1240","29380",40085,"Tell Atchana",55907,"specimen stable isotope"
"1241","29380",40085,"Tell Atchana",55908,"vertebrate fauna"
"1242","29380",40085,"Tell Atchana",55907,"specimen stable isotope"
"1243","29380",40085,"Tell Atchana",55908,"vertebrate fauna"
"1244","29380",40085,"Tell Atchana",55907,"specimen stable isotope"
"1245","29380",40085,"Tell Atchana",55908,"vertebrate fauna"
"1246","29405",40112,"Wadi Jilat 25",55964,"vertebrate fauna"
"1247","29405",40112,"Wadi Jilat 25",55963,"specimen stable isotope"
"1248","29406",40113,"Villamar",55966,"vertebrate fauna"
"1249","29406",40113,"Villamar",55965,"specimen stable isotope"
"1250","29439",40147,"Grotta di San Teodoro",56029,"vertebrate fauna"
"1251","29439",40147,"Grotta di San Teodoro",56028,"specimen stable isotope"
"1252","29455",40163,"Alia/Aqaba",56061,"vertebrate fauna"
"1253","29455",40163,"Alia/Aqaba",56060,"specimen stable isotope"
"1254","29456",40164,"Aila",56063,"vertebrate fauna"
"1255","29456",40164,"Aila",56062,"specimen stable isotope"
"1256","29406",40113,"Villamar",55966,"vertebrate fauna"
"1257","29406",40113,"Villamar",55965,"specimen stable isotope"
"1258","29407",40114,"Uyun al-Hammam",55968,"vertebrate fauna"
"1259","29407",40114,"Uyun al-Hammam",55967,"specimen stable isotope"
"1260","29414",40121,"Tell el-Kerkh",55979,"vertebrate fauna"
"1261","29414",40121,"Tell el-Kerkh",55978,"specimen stable isotope"
"1262","29439",40147,"Grotta di San Teodoro",56029,"vertebrate fauna"
"1263","29439",40147,"Grotta di San Teodoro",56028,"specimen stable isotope"
"1264","29440",40148,"Göbekli Tepe",56031,"vertebrate fauna"
"1265","29440",40148,"Göbekli Tepe",56030,"specimen stable isotope"
"1266","29448",40156,"Canhasan III",56047,"vertebrate fauna"
"1267","29448",40156,"Canhasan III",56046,"specimen stable isotope"
"1268","29456",40164,"Aila",56063,"vertebrate fauna"
"1269","29456",40164,"Aila",56062,"specimen stable isotope"
"1270","29414",40121,"Tell el-Kerkh",55979,"vertebrate fauna"
"1271","29414",40121,"Tell el-Kerkh",55978,"specimen stable isotope"
"1272","29434",40141,"Khirbet edh-Dharih",56017,"vertebrate fauna"
"1273","29434",40141,"Khirbet edh-Dharih",56016,"specimen stable isotope"
"1274","29440",40148,"Göbekli Tepe",56031,"vertebrate fauna"
"1275","29440",40148,"Göbekli Tepe",56030,"specimen stable isotope"
"1276","29448",40156,"Canhasan III",56047,"vertebrate fauna"
"1277","29448",40156,"Canhasan III",56046,"specimen stable isotope"
"1278","29456",40164,"Aila",56063,"vertebrate fauna"
"1279","29456",40164,"Aila",56062,"specimen stable isotope"
"1280","29461",40170,"Hasankeyf Höyük",56076,"vertebrate fauna"
"1281","29461",40170,"Hasankeyf Höyük",56075,"specimen stable isotope"
"1282","30336",41331,NA,57385,"vertebrate fauna"
"1283","30336",41331,NA,57384,"specimen stable isotope"
"1284","30336",41331,NA,57383,"geochronologic"
"1285","29407",40114,"Uyun al-Hammam",55968,"vertebrate fauna"
"1286","29407",40114,"Uyun al-Hammam",55967,"specimen stable isotope"
"1287","29414",40121,"Tell el-Kerkh",55979,"vertebrate fauna"
"1288","29414",40121,"Tell el-Kerkh",55978,"specimen stable isotope"
"1289","29434",40141,"Khirbet edh-Dharih",56017,"vertebrate fauna"
"1290","29434",40141,"Khirbet edh-Dharih",56016,"specimen stable isotope"
"1291","29440",40148,"Göbekli Tepe",56031,"vertebrate fauna"
"1292","29440",40148,"Göbekli Tepe",56030,"specimen stable isotope"
"1293","29448",40156,"Canhasan III",56047,"vertebrate fauna"
"1294","29448",40156,"Canhasan III",56046,"specimen stable isotope"
"1295","29461",40170,"Hasankeyf Höyük",56076,"vertebrate fauna"
"1296","29461",40170,"Hasankeyf Höyük",56075,"specimen stable isotope"
"1297","30336",41331,NA,57385,"vertebrate fauna"
"1298","30336",41331,NA,57384,"specimen stable isotope"
"1299","30336",41331,NA,57383,"geochronologic"
"1300","29407",40114,"Uyun al-Hammam",55968,"vertebrate fauna"
"1301","29407",40114,"Uyun al-Hammam",55967,"specimen stable isotope"
"1302","29414",40121,"Tell el-Kerkh",55979,"vertebrate fauna"
"1303","29414",40121,"Tell el-Kerkh",55978,"specimen stable isotope"
"1304","29426",40133,"Pella",56001,"vertebrate fauna"
"1305","29426",40133,"Pella",56000,"specimen stable isotope"
"1306","29440",40148,"Göbekli Tepe",56031,"vertebrate fauna"
"1307","29440",40148,"Göbekli Tepe",56030,"specimen stable isotope"
"1308","29448",40156,"Canhasan III",56047,"vertebrate fauna"
"1309","29448",40156,"Canhasan III",56046,"specimen stable isotope"
"1310","29449",40157,"Çamlibel Tarlasi",56049,"vertebrate fauna"
"1311","29449",40157,"Çamlibel Tarlasi",56048,"specimen stable isotope"
"1312","29461",40170,"Hasankeyf Höyük",56076,"vertebrate fauna"
"1313","29461",40170,"Hasankeyf Höyük",56075,"specimen stable isotope"
"1314","30336",41331,NA,57385,"vertebrate fauna"
"1315","30336",41331,NA,57384,"specimen stable isotope"
"1316","30336",41331,NA,57383,"geochronologic"
"1317","29407",40114,"Uyun al-Hammam",55968,"vertebrate fauna"
"1318","29407",40114,"Uyun al-Hammam",55967,"specimen stable isotope"
"1319","29408",40115,"Wadi Jilat 13",55970,"vertebrate fauna"
"1320","29408",40115,"Wadi Jilat 13",55969,"specimen stable isotope"
"1321","29414",40121,"Tell el-Kerkh",55979,"vertebrate fauna"
"1322","29414",40121,"Tell el-Kerkh",55978,"specimen stable isotope"
"1323","29415",40122,"Wadi Fidan",55981,"vertebrate fauna"
"1324","29415",40122,"Wadi Fidan",55980,"specimen stable isotope"
"1325","29426",40133,"Pella",56001,"vertebrate fauna"
"1326","29426",40133,"Pella",56000,"specimen stable isotope"
"1327","29441",40149,"Fontana Nuova",56033,"vertebrate fauna"
"1328","29441",40149,"Fontana Nuova",56032,"specimen stable isotope"
"1329","29449",40157,"Çamlibel Tarlasi",56049,"vertebrate fauna"
"1330","29449",40157,"Çamlibel Tarlasi",56048,"specimen stable isotope"
"1331","29461",40170,"Hasankeyf Höyük",56076,"vertebrate fauna"
"1332","29461",40170,"Hasankeyf Höyük",56075,"specimen stable isotope"
"1333","30336",41331,NA,57385,"vertebrate fauna"
"1334","30336",41331,NA,57384,"specimen stable isotope"
"1335","30336",41331,NA,57383,"geochronologic"
"1336","29408",40115,"Wadi Jilat 13",55970,"vertebrate fauna"
"1337","29408",40115,"Wadi Jilat 13",55969,"specimen stable isotope"
"1338","29416",40123,"Tell al-Husn",55983,"vertebrate fauna"
"1339","29416",40123,"Tell al-Husn",55982,"specimen stable isotope"
"1340","29441",40149,"Fontana Nuova",56033,"vertebrate fauna"
"1341","29441",40149,"Fontana Nuova",56032,"specimen stable isotope"
"1342","29449",40157,"Çamlibel Tarlasi",56049,"vertebrate fauna"
"1343","29449",40157,"Çamlibel Tarlasi",56048,"specimen stable isotope"
"1344","29408",40115,"Wadi Jilat 13",55970,"vertebrate fauna"
"1345","29408",40115,"Wadi Jilat 13",55969,"specimen stable isotope"
"1346","29416",40123,"Tell al-Husn",55983,"vertebrate fauna"
"1347","29416",40123,"Tell al-Husn",55982,"specimen stable isotope"
"1348","29441",40149,"Fontana Nuova",56033,"vertebrate fauna"
"1349","29441",40149,"Fontana Nuova",56032,"specimen stable isotope"
"1350","29449",40157,"Çamlibel Tarlasi",56049,"vertebrate fauna"
"1351","29449",40157,"Çamlibel Tarlasi",56048,"specimen stable isotope"
"1352","29408",40115,"Wadi Jilat 13",55970,"vertebrate fauna"
"1353","29408",40115,"Wadi Jilat 13",55969,"specimen stable isotope"
"1354","29416",40123,"Tell al-Husn",55983,"vertebrate fauna"
"1355","29416",40123,"Tell al-Husn",55982,"specimen stable isotope"
"1356","29429",40136,"Khirbet Nawafleh",56007,"vertebrate fauna"
"1357","29429",40136,"Khirbet Nawafleh",56006,"specimen stable isotope"
"1358","29437",40145,"Himera",56025,"vertebrate fauna"
"1359","29437",40145,"Himera",56024,"specimen stable isotope"
"1360","29437",40144,"Himera",56023,"vertebrate fauna"
"1361","29437",40144,"Himera",56022,"specimen stable isotope"
"1362","29441",40149,"Fontana Nuova",56033,"vertebrate fauna"
"1363","29441",40149,"Fontana Nuova",56032,"specimen stable isotope"
"1364","29443",40151,"Da'Janiya",56037,"vertebrate fauna"
"1365","29443",40151,"Da'Janiya",56036,"specimen stable isotope"
"1366","29445",40153,"Çatalhöyük West",56041,"vertebrate fauna"
"1367","29445",40153,"Çatalhöyük West",56040,"specimen stable isotope"
"1368","29449",40157,"Çamlibel Tarlasi",56049,"vertebrate fauna"
"1369","29449",40157,"Çamlibel Tarlasi",56048,"specimen stable isotope"
"1370","29450",40158,"Boncuklu",56051,"vertebrate fauna"
"1371","29450",40158,"Boncuklu",56050,"specimen stable isotope"
"1372","29451",40159,"Bediyeh",56053,"vertebrate fauna"
"1373","29451",40159,"Bediyeh",56052,"specimen stable isotope"
"1374","29452",40160,"Barsinia",56055,"vertebrate fauna"
"1375","29452",40160,"Barsinia",56054,"specimen stable isotope"
"1376","29420",40127,"Scaba'e Arriu",55991,"vertebrate fauna"
"1377","29420",40127,"Scaba'e Arriu",55990,"specimen stable isotope"
"1378","29437",40145,"Himera",56025,"vertebrate fauna"
"1379","29437",40145,"Himera",56024,"specimen stable isotope"
"1380","29437",40144,"Himera",56023,"vertebrate fauna"
"1381","29437",40144,"Himera",56022,"specimen stable isotope"
"1382","29445",40153,"Çatalhöyük West",56041,"vertebrate fauna"
"1383","29445",40153,"Çatalhöyük West",56040,"specimen stable isotope"
"1384","29453",40161,"Barcin Höyük",56057,"vertebrate fauna"
"1385","29453",40161,"Barcin Höyük",56056,"specimen stable isotope"
"1386","29420",40127,"Scaba'e Arriu",55991,"vertebrate fauna"
"1387","29420",40127,"Scaba'e Arriu",55990,"specimen stable isotope"
"1388","29421",40128,"Santa Caterina di Pittinuri",55993,"vertebrate fauna"
"1389","29421",40128,"Santa Caterina di Pittinuri",55992,"specimen stable isotope"
"1390","29437",40145,"Himera",56025,"vertebrate fauna"
"1391","29437",40145,"Himera",56024,"specimen stable isotope"
"1392","29437",40144,"Himera",56023,"vertebrate fauna"
"1393","29437",40144,"Himera",56022,"specimen stable isotope"
"1394","29438",40146,"Hesban",56027,"vertebrate fauna"
"1395","29438",40146,"Hesban",56026,"specimen stable isotope"
"1396","29439",40147,"Grotta di San Teodoro",56029,"vertebrate fauna"
"1397","29439",40147,"Grotta di San Teodoro",56028,"specimen stable isotope"
"1398","29445",40153,"Çatalhöyük West",56041,"vertebrate fauna"
"1399","29445",40153,"Çatalhöyük West",56040,"specimen stable isotope"
"1400","29446",40154,"Çatalhöyük East",56043,"vertebrate fauna"
"1401","29446",40154,"Çatalhöyük East",56042,"specimen stable isotope"
"1402","29453",40161,"Barcin Höyük",56057,"vertebrate fauna"
"1403","29453",40161,"Barcin Höyük",56056,"specimen stable isotope"
"1404","29455",40163,"Alia/Aqaba",56061,"vertebrate fauna"
"1405","29455",40163,"Alia/Aqaba",56060,"specimen stable isotope"
